DELETE FROM dipa where kdkotama=09;

INSERT INTO dipa VALUES("220114093941685351","06","2022","09","685351","012","22","","","WA","6498","EBA","685351","1","4","51","511161","001","1","0001","Belanja Gaji Pokok PNS TNI/Polri","1000000000","0","1000000000","Belanja Gaji Pokok PNS TNI/Polri","Belanja Gaji Pokok PNS TNI/Polri","");
INSERT INTO dipa VALUES("220114094248685351","06","2022","09","685351","012","22","","","WA","6498","EBA","685351","1","4","51","511169","001","1","0001","Belanja Pembulatan Gaji PNS TNI/Polri","100000000","0","100000000","Belanja Pembulatan Gaji PNS TNI/Polri","Belanja Pembulatan Gaji PNS TNI/Polri","");
INSERT INTO dipa VALUES("220114101146685351","06","2022","09","685351","012","22","","","WA","6498","EBA","685351","1","4","51","511171","001","1","0001","Belanja Tunj. Suami/Istri PNS TNI/Polri","800000000","0","800000000","Belanja Tunjangan Suami/Istri PNS TNI/Polri","Belanja Tunj. Suami/Istri PNS TNI/Polri","");
INSERT INTO dipa VALUES("220114105121685351","03","2022","09","685351","012","22","","","AF","6510","EBA","685351","1","4","52","524111","001","1","0001","BPD Mutasi","300000000","0","300000000","Belanja Perjalanan Dinas Biasa","BPD Mutasi","");
INSERT INTO dipa VALUES("220115140905685351","07","2022","09","685351","012","22","","","WA","6498","EBA","685351","1","4","52","521219","015","1","0001","Dukungan Administrasi Bin Proglatsi","100000000","0","100000000","Belanja Barang Non Operasional Lainnya","Dukungan Administrasi Bin Proglatsi","");
INSERT INTO dipa VALUES("220115182132685351","03","2022","09","685351","012","22","","","AC","6505","DCG","685351","1","4","52","521131","001","1","0001","PCR Casis Taruna","100000000","0","100000000","Belanja Barang Operasional-Penanganan Pandemi Covid -19","Seleksi di Panitia Pusat Werving Taruna Matra Darat","");
INSERT INTO dipa VALUES("220115214801685543","04","2022","09","685543","012","22","","","AC","6505","CBM","685543","1","4","53","533111","001","1","0001","Bang dik","300000000","0","300000000","Belanja Modal Gedung dan Bangunan","Pembangunan Prasarana Pendidikan","");
INSERT INTO dipa VALUES("220116113605685543","06","2022","09","685543","012","22","","","WA","6498","EBA","685543","1","4","51","511161","001","1","0001","Belanja Gaji Pokok PNS TNI/Polri","20000000","0","20000000","Belanja Gaji Pokok PNS TNI/Polri","Belanja Gaji Pokok PNS TNI/Polri","");
INSERT INTO dipa VALUES("220116124031685351","06","2022","09","685351","012","22","","","WA","6498","EBA","685351","1","4","51","512411","002","1","0001","Tunjangan Kinerja","200000000","0","200000000","Belanja Pegawai (Tunjangan Khusus/ Kegiatan/Kinerja)","Belanja Pegawai (Tunjangan Khusus/Kegiatan/Kinerja)","");
INSERT INTO dipa VALUES("220116124222685543","06","2022","09","685543","012","22","","","WA","6498","EBA","685543","1","4","51","512411","002","1","0001","Tunjangan Kinerja","400000000","0","400000000","Belanja Pegawai (Tunjangan Khusus/ Kegiatan/Kinerja)","Belanja Pegawai (Tunjangan Khusus/Kegiatan/Kinerja)","");
INSERT INTO dipa VALUES("220117110544685039","06","2022","09","685039","012","22","","","WA","6498","EBA","685039","1","4","51","511161","001","1","0001","Belanja Gaji Pokok PNS TNI/Polri","200000000","0","200000000","Belanja Gaji Pokok PNS TNI/Polri","Belanja Gaji Pokok PNS TNI/Polri","");
INSERT INTO dipa VALUES("220117110647685039","06","2022","09","685039","012","22","","","WA","6498","EBA","685039","1","4","51","512411","002","1","0001","Tujangan Kinerja","100000000","0","100000000","Belanja Pegawai (Tunjangan Khusus/ Kegiatan/Kinerja)","Belanja Pegawai (Tunjangan Khusus/Kegiatan/Kinerja)","");
INSERT INTO dipa VALUES("220120132441685351","06","2022","09","685351","012","22","","","WA","6498","EBA","685351","1","4","51","511176","001","1","0001","Belanja Tunj. Beras PNS TNI/Polri","20000000","0","20000000","Belanja Tunjangan Beras PNS TNI/Polri","Belanja Tunj. Beras PNS TNI/Polri","");
INSERT INTO dipa VALUES("220121070834685351","06","2022","09","685351","012","22","","","WA","6498","EBA","685351","1","4","51","511211","001","1","0001","Belanja Gaji Pokok TNI/Polri","300000000000","0","300000000000","Belanja Gaji Pokok TNI/POLRI","Belanja Gaji Pokok TNI/Polri","");
INSERT INTO dipa VALUES("220125065426685543","01","2022","09","685543","012","22","","","AC","1466","DCG","685543","1","4","52","521131","002","1","0001","PCR Peserta Bimtek","200000000","0","200000000","Belanja Barang Operasional-Penanganan Pandemi Covid -19","Bimtek Intelter","");
INSERT INTO dipa VALUES("220125070915685351","07","2022","09","685351","012","22","","","WA","6502","EBD","685351","1","4","52","521131","001","1","0001","Wasev","100000000","0","100000000","Belanja Barang Operasional-Penanganan Pandemi Covid -19","Giat Wasev Btp (Brigade Infanteri)","");



DELETE FROM bpjs where kdkotama=09;

INSERT INTO bpjs VALUES("220115092211685351","06","2022","09","685351","012","22","","","AC","6507","CAB","685351","1","4","52","521211","005","1","0001","ATK Persiapan Pengadaan Alkomlek BPJS","20000000","0","20000000","Belanja Bahan","ATK Persiapan Pengadaan Alkomlek BPJS");
INSERT INTO bpjs VALUES("220118104008685351","06","2022","09","685351","012","22","","","AC","6507","EBA","685351","1","4","52","521131","001","1","0001","Penanganan pandemi Covid","20000000","0","20000000","Belanja Barang Operasional-Penanganan Pandemi Covid -19","Belanja Barang Operasional - Penanganan Pandemi Covid-19 BPJ");
INSERT INTO bpjs VALUES("220125092117685543","06","2022","09","685543","012","22","","","AC","6507","EBA","685543","1","4","52","521131","001","1","0001","Penanganan Covid","50000000","0","50000000","Belanja Barang Operasional-Penanganan Pandemi Covid -19","Belanja Barang Operasional - Penanganan Pandemi Covid-19 BPJ");
INSERT INTO bpjs VALUES("220125092136685543","06","2022","09","685543","012","22","/","/","AC","6507","EBA","685543","1","4","52","521131","001","2","0002","Penanganan Covid1","50000000","0","50000000","Belanja Barang Operasional-Penanganan Pandemi Covid -19","Belanja Barang Operasional - Penanganan Pandemi Covid-19 BPJ");



DELETE FROM  yanmasum where kdkotama=09;

INSERT INTO  yanmasum VALUES("220115092249685351","06","2022","09","685351","012","22","","","AC","6507","CAB","685351","1","4","52","521211","027","1","0001","Snack Pengakhiran Pengadaan Alkes Yanmasum","20000000","0","20000000","Belanja Bahan","Snack Pengakhiran Pengadaan Alkes Yanmasum");
INSERT INTO  yanmasum VALUES("220118104035685351","06","2022","09","685351","012","22","","","AC","6507","EBA","685351","1","4","52","521131","002","1","0001","Penanganan pandemi Covid Yanmasum","30000000","0","30000000","Belanja Barang Operasional-Penanganan Pandemi Covid -19","Belanja Barang Operasional - Penanganan Pandemi Covid-19 Yanmasum");
INSERT INTO  yanmasum VALUES("220125094835685543","06","2022","09","685543","012","22","","","AC","6507","EBA","685543","1","4","52","521131","002","1","0001","Pengadaan Bansos Indomie","20000000","0","20000000","Belanja Barang Operasional-Penanganan Pandemi Covid -19","Belanja Barang Operasional - Penanganan Pandemi Covid-19 Yanmasum");



DELETE FROM blu where kdkotama=09;

INSERT INTO blu VALUES("220115092311685351","06","2022","09","685351","012","22","","","AC","6507","CCB","685351","1","4","52","525114","002","1","0001","Har Ranmor","20000000","0","20000000","Belanja Pemeliharaan","Har Ranmor");
INSERT INTO blu VALUES("220124095422685351","06","2022","09","685351","012","22","","","AC","6507","CAB","685351","1","4","53","537122","001","1","0001","Pengadaan Alkes","10000000","0","10000000","Bel. Modal Peralatan dan Mesin Blu - Penanganan Pandemi Covid-19","Pengadaan Alkes BLU-Penanganan Pandemi Covid-19");
INSERT INTO blu VALUES("220124095701685351","06","2022","09","685351","012","22","","","AC","6507","CCB","685351","1","4","52","525155","002","1","0001","Har Gedung","900000","0","900000","Beban Pemeliharaan Blu - Penanganan Pandemi Covid-19","Har Gedung Dan Bangunan Penanganan Pandemi Covid-19");



DELETE FROM  hibah where kdkotama=09;

INSERT INTO  hibah VALUES("220115092418685351","01","2022","09","685351","012","22","","","AB","6512","BHA","685351","1","4","52","521219","007","1","0001","Bin Jaring Intel","20000000","0","20000000","Belanja Barang Non Operasional Lainnya","Bin Jaring Intel");
INSERT INTO  hibah VALUES("220115203754685543","04","2022","09","685543","012","22","","","AF","1464","CBM","685543","1","4","53","533111","001","1","0001","Bang Gedung Olga","20000000","0","20000000","Belanja Modal Gedung dan Bangunan","Pembangunan Fasilitas/Sarpras/Gedung Perkantoran");
INSERT INTO  hibah VALUES("220119072927685351","03","2022","09","685351","012","22","","","AC","6505","DCG","685351","1","4","52","521131","004","1","0001","PCR Casis BA","90000000","0","90000000","Belanja Barang Operasional-Penanganan Pandemi Covid -19","Seleksi di Panda Werving Bintara Umum Matra Darat");



DELETE FROM  kapitasi where kdkotama=09;

INSERT INTO  kapitasi VALUES("220115092342685351","06","2022","09","685351","012","22","","","AC","6507","CAB","685351","1","4","52","521211","055","1","0001","ATK Pengakhiran Pengadaan Alkomlek Kapitasi","20000000","0","20000000","Belanja Bahan","ATK Pengakhiran Pengadaan Alkomlek Kapitasi");
INSERT INTO  kapitasi VALUES("220118124043685351","06","2022","09","685351","012","22","","","AC","6507","EBA","685351","1","4","52","521131","003","1","0001","Penanganan Covid","80000000","0","80000000","Belanja Barang Operasional-Penanganan Pandemi Covid -19","Belanja Barang Operasional - Penanganan Pandemi Covid-19 Kapitasi");
INSERT INTO  kapitasi VALUES("220125103724685543","06","2022","09","685543","012","22","","","AC","6507","EBA","685543","1","4","52","521131","003","1","0001","Covid kapitasi","20000000","0","20000000","Belanja Barang Operasional-Penanganan Pandemi Covid -19","Belanja Barang Operasional - Penanganan Pandemi Covid-19 Kapitasi");
INSERT INTO  kapitasi VALUES("220125103818685543","06","2022","09","685543","012","22","/","/","AC","6507","EBA","685543","1","4","52","521131","003","2","0002","Covid kapitasi 1","40000000","0","40000000","Belanja Barang Operasional-Penanganan Pandemi Covid -19","Belanja Barang Operasional - Penanganan Pandemi Covid-19 Kapitasi");



DELETE FROM  realisasi where kdkotama=09;

INSERT INTO  realisasi VALUES("220114105121685351","220114105203685351","01","2022","09","685351","03","1","4","52","AF","6510","EBA","524111","001","","0000-00-00","0","","0000-00-00","0","","0000-00-00","BPD Mutasi","75000000","");
INSERT INTO  realisasi VALUES("220114093941685351","220114105229685351","01","2022","09","685351","06","1","4","51","WA","6498","EBA","511161","001","","0000-00-00","0","","0000-00-00","0","","0000-00-00","Belanja Gaji Pokok PNS TNI/Polri","10000000","");
INSERT INTO  realisasi VALUES("220114094248685351","220115092638685351","01","2022","09","685351","06","1","4","51","WA","6498","EBA","511169","001","","0000-00-00","0","","0000-00-00","0","","0000-00-00","Belanja Pembulatan Gaji PNS TNI/Polri","65000000","");
INSERT INTO  realisasi VALUES("220115214801685543","220115214814685543","01","2022","09","685543","04","1","4","53","AC","6505","CBM","533111","001","1","0000-00-00","0","1","0000-00-00","0","1","0000-00-00","Bang dik","300000000","");
INSERT INTO  realisasi VALUES("220116113605685543","220116113636685543","01","2022","09","685543","06","1","4","51","WA","6498","EBA","511161","001","1","0000-00-00","0","1","0000-00-00","0","1","0000-00-00","Belanja Gaji Pokok PNS TNI/Polri","1000000","");
INSERT INTO  realisasi VALUES("220115182132685351","220118113245685351","01","2022","09","685351","03","1","4","52","AC","6505","DCG","521131","001","","0000-00-00","0","","0000-00-00","0","","0000-00-00","PCR Casis Taruna","50000000","");
INSERT INTO  realisasi VALUES("220114093941685351","220120205856685351","02","2022","09","685351","06","1","4","51","WA","6498","EBA","511161","001","","0000-00-00","0","","0000-00-00","0","","0000-00-00","Belanja Gaji Pokok PNS TNI/Polri","20000000","");
INSERT INTO  realisasi VALUES("220114093941685351","220120205915685351","03","2022","09","685351","06","1","4","51","WA","6498","EBA","511161","001","","0000-00-00","0","","0000-00-00","0","","0000-00-00","Belanja Gaji Pokok PNS TNI/Polri","30000000","");
INSERT INTO  realisasi VALUES("220114093941685351","220120205927685351","04","2022","09","685351","06","1","4","51","WA","6498","EBA","511161","001","","0000-00-00","0","","0000-00-00","0","","0000-00-00","Belanja Gaji Pokok PNS TNI/Polri","40000000","");
INSERT INTO  realisasi VALUES("220114093941685351","220120205934685351","05","2022","09","685351","06","1","4","51","WA","6498","EBA","511161","001","","0000-00-00","0","","0000-00-00","0","","0000-00-00","Belanja Gaji Pokok PNS TNI/Polri","50000000","");
INSERT INTO  realisasi VALUES("220114093941685351","220120205941685351","06","2022","09","685351","06","1","4","51","WA","6498","EBA","511161","001","","0000-00-00","0","","0000-00-00","0","","0000-00-00","Belanja Gaji Pokok PNS TNI/Polri","60000000","");
INSERT INTO  realisasi VALUES("220114093941685351","220120205946685351","07","2022","09","685351","06","1","4","51","WA","6498","EBA","511161","001","","0000-00-00","0","","0000-00-00","0","","0000-00-00","Belanja Gaji Pokok PNS TNI/Polri","70000000","");
INSERT INTO  realisasi VALUES("220114093941685351","220120205953685351","08","2022","09","685351","06","1","4","51","WA","6498","EBA","511161","001","","0000-00-00","0","","0000-00-00","0","","0000-00-00","Belanja Gaji Pokok PNS TNI/Polri","80000000","");
INSERT INTO  realisasi VALUES("220114093941685351","220120210005685351","09","2022","09","685351","06","1","4","51","WA","6498","EBA","511161","001","","0000-00-00","0","","0000-00-00","0","","0000-00-00","Belanja Gaji Pokok PNS TNI/Polri","90000000","");
INSERT INTO  realisasi VALUES("220114093941685351","220120210012685351","10","2022","09","685351","06","1","4","51","WA","6498","EBA","511161","001","","0000-00-00","0","","0000-00-00","0","","0000-00-00","Belanja Gaji Pokok PNS TNI/Polri","100000000","");
INSERT INTO  realisasi VALUES("220114093941685351","220120210020685351","11","2022","09","685351","06","1","4","51","WA","6498","EBA","511161","001","","0000-00-00","0","","0000-00-00","0","","0000-00-00","Belanja Gaji Pokok PNS TNI/Polri","110000000","");
INSERT INTO  realisasi VALUES("220114093941685351","220120210028685351","12","2022","09","685351","06","1","4","51","WA","6498","EBA","511161","001","","0000-00-00","0","","0000-00-00","0","","0000-00-00","Belanja Gaji Pokok PNS TNI/Polri","120000000","");
INSERT INTO  realisasi VALUES("220121070834685351","220121070908685351","01","2022","09","685351","06","1","4","51","WA","6498","EBA","511211","001","","0000-00-00","0","","0000-00-00","0","","0000-00-00","Belanja Gaji Pokok TNI/Polri","200000000000","");
INSERT INTO  realisasi VALUES("220125065426685543","220125065504685543","01","2022","09","685543","01","1","4","52","AC","1466","DCG","521131","002","","0000-00-00","0","","0000-00-00","0","","0000-00-00","PCR Peserta Bimtek","190000000","");



DELETE FROM  realisasix where kdkotama=09;

INSERT INTO  realisasix VALUES("220114093941685351","03","2022","09","685351","06","1","4","51","WA","6498","EBA","511161","001","","0000-00-00","0","","0000-00-00","0","","0000-00-00","Belanja Gaji Pokok PNS TNI/Polri","30000000","0");
INSERT INTO  realisasix VALUES("220114093941685351","02","2022","09","685351","06","1","4","51","WA","6498","EBA","511161","001","","0000-00-00","0","","0000-00-00","0","","0000-00-00","Belanja Gaji Pokok PNS TNI/Polri","20000000","0");
INSERT INTO  realisasix VALUES("220114093941685351","01","2022","09","685351","06","1","4","51","WA","6498","EBA","511161","001","","0000-00-00","0","","0000-00-00","0","","0000-00-00","Belanja Gaji Pokok PNS TNI/Polri","10000000","0");
INSERT INTO  realisasix VALUES("220114093941685351","04","2022","09","685351","06","1","4","51","WA","6498","EBA","511161","001","","0000-00-00","0","","0000-00-00","0","","0000-00-00","Belanja Gaji Pokok PNS TNI/Polri","40000000","0");
INSERT INTO  realisasix VALUES("220114093941685351","05","2022","09","685351","06","1","4","51","WA","6498","EBA","511161","001","","0000-00-00","0","","0000-00-00","0","","0000-00-00","Belanja Gaji Pokok PNS TNI/Polri","50000000","0");
INSERT INTO  realisasix VALUES("220114093941685351","06","2022","09","685351","06","1","4","51","WA","6498","EBA","511161","001","","0000-00-00","0","","0000-00-00","0","","0000-00-00","Belanja Gaji Pokok PNS TNI/Polri","60000000","0");
INSERT INTO  realisasix VALUES("220114093941685351","07","2022","09","685351","06","1","4","51","WA","6498","EBA","511161","001","","0000-00-00","0","","0000-00-00","0","","0000-00-00","Belanja Gaji Pokok PNS TNI/Polri","70000000","0");
INSERT INTO  realisasix VALUES("220114093941685351","08","2022","09","685351","06","1","4","51","WA","6498","EBA","511161","001","","0000-00-00","0","","0000-00-00","0","","0000-00-00","Belanja Gaji Pokok PNS TNI/Polri","80000000","0");
INSERT INTO  realisasix VALUES("220114093941685351","09","2022","09","685351","06","1","4","51","WA","6498","EBA","511161","001","","0000-00-00","0","","0000-00-00","0","","0000-00-00","Belanja Gaji Pokok PNS TNI/Polri","90000000","0");
INSERT INTO  realisasix VALUES("220114093941685351","10","2022","09","685351","06","1","4","51","WA","6498","EBA","511161","001","","0000-00-00","0","","0000-00-00","0","","0000-00-00","Belanja Gaji Pokok PNS TNI/Polri","100000000","0");
INSERT INTO  realisasix VALUES("220114093941685351","11","2022","09","685351","06","1","4","51","WA","6498","EBA","511161","001","","0000-00-00","0","","0000-00-00","0","","0000-00-00","Belanja Gaji Pokok PNS TNI/Polri","110000000","0");
INSERT INTO  realisasix VALUES("220114093941685351","12","2022","09","685351","06","1","4","51","WA","6498","EBA","511161","001","","0000-00-00","0","","0000-00-00","0","","0000-00-00","Belanja Gaji Pokok PNS TNI/Polri","120000000","0");
INSERT INTO  realisasix VALUES("220114094248685351","01","2022","09","685351","06","1","4","51","WA","6498","EBA","511169","001","","0000-00-00","0","","0000-00-00","0","","0000-00-00","Belanja Pembulatan Gaji PNS TNI/Polri","65000000","0");
INSERT INTO  realisasix VALUES("220114105121685351","01","2022","09","685351","03","1","4","52","AF","6510","EBA","524111","001","","0000-00-00","0","","0000-00-00","0","","0000-00-00","BPD Mutasi","75000000","0");
INSERT INTO  realisasix VALUES("220115182132685351","01","2022","09","685351","03","1","4","52","AC","6505","DCG","521131","001","","0000-00-00","0","","0000-00-00","0","","0000-00-00","PCR Casis Taruna","50000000","0");
INSERT INTO  realisasix VALUES("220115214801685543","01","2022","09","685543","04","1","4","53","AC","6505","CBM","533111","001","1","0000-00-00","0","1","0000-00-00","0","1","0000-00-00","Bang dik","300000000","0");
INSERT INTO  realisasix VALUES("220116113605685543","01","2022","09","685543","06","1","4","51","WA","6498","EBA","511161","001","1","0000-00-00","0","1","0000-00-00","0","1","0000-00-00","Belanja Gaji Pokok PNS TNI/Polri","1000000","0");
INSERT INTO  realisasix VALUES("220121070834685351","01","2022","09","685351","06","1","4","51","WA","6498","EBA","511211","001","","0000-00-00","0","","0000-00-00","0","","0000-00-00","Belanja Gaji Pokok TNI/Polri","200000000000","0");



DELETE FROM  realisasi_bpjs where kdkotama=09;

INSERT INTO  realisasi_bpjs VALUES("220115092211685351","220115183815685351","01","2022","09","685351","06","1","4","52","AC","6507","CAB","521211","005","1","0000-00-00","0","1","0000-00-00","0","1","0000-00-00","ATK Persiapan Pengadaan Alkomlek BPJS","10000000");
INSERT INTO  realisasi_bpjs VALUES("220118104008685351","220118112626685351","01","2022","09","685351","06","1","4","52","AC","6507","EBA","521131","001","1","0000-00-00","0","1","0000-00-00","0","1","0000-00-00","Penanganan pandemi Covid","10000000");



DELETE FROM  realisasi_yanmasum where kdkotama=09;

INSERT INTO  realisasi_yanmasum VALUES("220115092249685351","220115182346685351","01","2022","09","685351","06","1","4","52","AC","6507","CAB","521211","027","1","0000-00-00","0","1","0000-00-00","0","1","0000-00-00","Snack Pengakhiran Pengadaan Alkes Yanmasum","10000000");
INSERT INTO  realisasi_yanmasum VALUES("220118104035685351","220118121050685351","01","2022","09","685351","06","1","4","52","AC","6507","EBA","521131","002","1","0000-00-00","0","1","0000-00-00","0","1","0000-00-00","Penanganan pandemi Covid Yanmasum","15000000");
INSERT INTO  realisasi_yanmasum VALUES("220125094835685543","220125094850685543","01","2022","09","685543","06","1","4","52","AC","6507","EBA","521131","002","1","0000-00-00","0","1","0000-00-00","0","1","0000-00-00","Pengadaan Bansos Indomie","10000000");



DELETE FROM  realisasi_blu where kdkotama=09;

INSERT INTO  realisasi_blu VALUES("220115092311685351","220115182422685351","01","2022","09","685351","06","1","4","52","AC","6507","CCB","525114","002","1","0000-00-00","0","1","0000-00-00","0","1","0000-00-00","Har Ranmor","10000000");
INSERT INTO  realisasi_blu VALUES("220124095422685351","220124204054685351","01","2022","09","685351","06","1","4","53","AC","6507","CAB","537122","001","1","0000-00-00","0","1","0000-00-00","0","1","0000-00-00","Pengadaan Alkes","5000000");
INSERT INTO  realisasi_blu VALUES("220124095701685351","220124204149685351","01","2022","09","685351","06","1","4","52","AC","6507","CCB","525155","002","1","0000-00-00","0","1","0000-00-00","0","1","0000-00-00","Har Gedung","900000");



DELETE FROM  realisasi_kapitasi where kdkotama=09;

INSERT INTO  realisasi_kapitasi VALUES("220115092342685351","220115182451685351","01","2022","09","685351","06","1","4","52","AC","6507","CAB","521211","055","1","0000-00-00","0","1","0000-00-00","0","1","0000-00-00","ATK Pengakhiran Pengadaan Alkomlek Kapitasi","10000000");
INSERT INTO  realisasi_kapitasi VALUES("220118124043685351","220118124107685351","01","2022","09","685351","06","1","4","52","AC","6507","EBA","521131","003","1","0000-00-00","0","1","0000-00-00","0","1","0000-00-00","Penanganan Covid","40000000");



DELETE FROM   realisasi_hibah where kdkotama=09;

INSERT INTO   realisasi_hibah VALUES("220115092418685351","220115182513685351","01","2022","09","685351","01","1","4","52","AB","6512","BHA","521219","007","1","0000-00-00","0","1","0000-00-00","0","1","0000-00-00","Bin Jaring Intel","10000000");
INSERT INTO   realisasi_hibah VALUES("220115203754685543","220115203804685543","01","2022","09","685543","04","1","4","53","AF","1464","CBM","533111","001","1","0000-00-00","0","1","0000-00-00","0","1","0000-00-00","Bang Gedung Olga","10000000");
INSERT INTO   realisasi_hibah VALUES("220119072927685351","220119073234685351","01","2022","09","685351","03","1","4","52","AC","6505","DCG","521131","004","1","0000-00-00","0","1","0000-00-00","0","1","0000-00-00","PCR Casis BA","50000000");



DELETE FROM  tunkin where kdkotama=09;




DELETE FROM  pengembalian where kdkotama=09;

INSERT INTO  pengembalian VALUES("220114093941685351","220114105229685351","220116123704685351","01","2022","09","685351","06","1","4","51","WA","6498","EBA","511161","001","2022-01-31","Belanja Gaji Pokok PNS TNI/Polri","540000000");



DELETE FROM  kopstuk where kdkotama=09;

INSERT INTO  kopstuk VALUES("2022011411061009685351","09","685351","KOMANDO DAERAH MILITER I/BB","DETASEMEN MARKAS","50","50");
INSERT INTO  kopstuk VALUES("2022011411422609000000","09","000000","TENTARA NASIONAL INDONESIA ANGKATAN DARAT","KOMANDO DAERAH MILITER I/BB","80","80");
INSERT INTO  kopstuk VALUES("2022011521514809685543","09","685543","KOMANDO DAERAH MILITER I/BB","KOMANDO RESORT MILITER 022/PT","55","55");



DELETE FROM  tajuk_ttd where kdkotama=09;

INSERT INTO  tajuk_ttd VALUES("2022011411105509685351","09","685351","","","Komandan Detasemen Markas,","","Slamet Wiyono","Kolonel Inf NRP 11970000000");
INSERT INTO  tajuk_ttd VALUES("2022011411451109000000","09","000000","","","a.n. Pandam I/BB","Asisten Perencanaan,","Waluyo","Kolonel Inf NRP 11980000000");
INSERT INTO  tajuk_ttd VALUES("2022011619433809685543","09","685543","","","Komandan Korem,","","Wahyu","Kolonel Inf NRP 11970000000");



DELETE FROM  lamp_laplakgar where kdkotama=09;

INSERT INTO  lamp_laplakgar VALUES("2022011411073209685351","09","685351","Surat Komandan Detasemen Markas","B/          /II/2021","Februari 2022","73","210");
INSERT INTO  lamp_laplakgar VALUES("2022011411433109000000","09","000000","Surat Pangdam I/BB","B/          /II/2021","Februari 2022","53","230");
INSERT INTO  lamp_laplakgar VALUES("2022011521521709685543","09","685543","Surat Danrem 022/PT","B/          /II/2021","Februari 2022","53","230");



DELETE FROM   surat where kdkotama=09;

INSERT INTO   surat VALUES("220125130614000000","09","000000","12","2022","B/       /    / 2022","Biasa","Empat Lembar","Laporan Pelaksanaan Anggaran","Kepala Staf Angkatan Darat","Medan,      Januari 2023","Jakarta","Asrena Kasad","Peraturan Kasad Nomor 14 tahun 2021 tanggal 18 Desember 2021 tentang Petunjuk Pelaksanaan  Program dan Anggaran TNI AD TA 2022","Keputusan Kasad Nomor Kep/951/X/2019 Tanggal 11 Oktober 2019 tentang Penyusunan Laporan Pelaksanaan Anggaran di lingkungan TNI AD; dan","Diisi Progam Kerja Masing-Masing (Progja Satker/Kotama/Balakpus).","60","~~~~~");
INSERT INTO   surat VALUES("220125123706000000","09","000000","01","2022","B/       /    / 2022","Biasa","Empat Lembar","Laporan Pelaksanaan Anggaran","Kepala Staf Angkatan Darat","Medan,      Februari 2022","Jakarta","Asrena Kasad","Peraturan Kasad Nomor 14 tahun 2021 tanggal 18 Desember 2021 tentang Petunjuk Pelaksanaan  Program dan Anggaran TNI AD TA 2022","Keputusan Kasad Nomor Kep/951/X/2019 Tanggal 11 Oktober 2019 tentang Penyusunan Laporan Pelaksanaan Anggaran di lingkungan TNI AD; dan","Diisi Progam Kerja Masing-Masing (Progja Satker/Kotama/Balakpus).","60","~~~~~");
INSERT INTO   surat VALUES("220124204940685351","09","685351","01","2022","B/       /    / 2022","Biasa","Empat Lembar","Laporan Pelaksanaan Anggaran","Pangdam I/Bukit Barisan","Medan,      Februari 2022","Medan","Asrendam I/Bukit Barisan","Peraturan Kasad Nomor 14 tahun 2020 tanggal 18 Desember 2021 tentang Petunjuk Pelaksanaan  Program dan Anggaran TNI AD TA 2022","Keputusan Kasad Nomor Kep/951/X/2019 Tanggal 11 Oktober 2019 tentang Penyusunan Laporan Pelaksanaan Anggaran di lingkungan TNI AD; dan","Diisi Progam Kerja Masing-Masing (Progja Satker/Kotama/Balakpus).","60","~~~~~");



DELETE FROM  tembusan where kdkotama=09;

INSERT INTO  tembusan VALUES("220124205004685351","09","685351","1","Kasdam");
INSERT INTO  tembusan VALUES("220124205012685351","09","685351","2","Irdam");
INSERT INTO  tembusan VALUES("22012420501809","09","685351","99","45");
INSERT INTO  tembusan VALUES("22012512542909","09","000000","1","Irdam I/BB");
INSERT INTO  tembusan VALUES("22012512544909","09","000000","2","Asintel Kodam 1/BB");
INSERT INTO  tembusan VALUES("22012512545609","09","000000","3","Irjenad");
INSERT INTO  tembusan VALUES("22012512550209","09","000000","99","45");



DELETE FROM  pnbpum where kdkotama=09;




DELETE FROM  realisasi_pnbpum where kdkotama=09;




DELETE FROM  laphibah where kdkotama=09;

INSERT INTO  laphibah VALUES("220116091714685351","2022","09","685351","dsds","dsdsa","2022-01-01","dsdsa","40","sds","2022-01-21","dsd","dsada","28","4432","2022-02-19","232","asasasa","2022-01-21","5","422");



DELETE FROM  sbsn where kdkotama=09;

INSERT INTO  sbsn VALUES("220115092445685351","04","2022","09","685351","012","22","","","AC","6508","CBM","685351","1","4","53","533111","001","1","0001","Pembangunan Rumdis Prajurit TNI AD","20000000","0","20000000","Belanja Modal Gedung dan Bangunan","Pembangunan Rumdis Prajurit TNI AD");



DELETE FROM  realisasi_sbsn where kdkotama=09;

INSERT INTO  realisasi_sbsn VALUES("220115092445685351","220115182538685351","01","2022","09","685351","04","1","4","53","AC","6508","CBM","533111","001","1","0000-00-00","0","1","0000-00-00","0","1","0000-00-00","Pembangunan Rumdis Prajurit TNI AD","10000000");



