DELETE FROM dipa where kdkotama=05;

INSERT INTO dipa VALUES("230917232956685094","06","2023","05","685094","012","22","","","WA","6499","EBA","685094","1","4","52","521211","063","1","0001","SUN LK","2400000","0","2400000","Belanja Bahan","SUN LK","");
INSERT INTO dipa VALUES("230917233513685094","06","2023","05","685094","012","22","","","WA","6502","EBA","685094","1","4","52","521119","001","1","0001","Kodal","7615000000","0","7615000000","Belanja Barang Operasional Lainnya","Dukungan Kodal","");
INSERT INTO dipa VALUES("230917233119685094","06","2023","05","685094","012","22","","","WA","6499","EBD","685094","1","4","52","521211","013","1","0001","Laporan Keuangan Tk Satker","6000000","0","6000000","Belanja Bahan","Laporan Keuangan Tk Satker","");
INSERT INTO dipa VALUES("230917233624685094","06","2023","05","685094","012","22","","","WA","6502","EBA","685094","1","4","52","521119","002","1","0001","Dukungan Representasi","1990800000","0","1990800000","Belanja Barang Operasional Lainnya","Dukungan Representasi","");
INSERT INTO dipa VALUES("230917233231685094","06","2023","05","685094","012","22","","","WA","6499","EBD","685094","1","4","52","521111","002","1","0001","Bbsk","1239000","0","1239000","Belanja Keperluan Perkantoran","Bbsk","");
INSERT INTO dipa VALUES("230917232816685094","06","2023","05","685094","012","22","","","WA","6499","EBA","685094","1","4","52","524111","010","1","0001","PENYELENGGARAAN REKONSILIASI TERPUSAT SUN LK TNI AD","3200000","0","3200000","Belanja Perjalanan Dinas Biasa","PENYELENGGARAAN REKONSILIASI TERPUSAT SUN LK TNI AD","");
INSERT INTO dipa VALUES("230917232459685094","06","2023","05","685094","012","22","","","WA","6499","EBA","685094","1","4","52","521111","008","1","0001","Watdoku","3800000","0","3800000","Belanja Keperluan Perkantoran","Watdoku","");
INSERT INTO dipa VALUES("230917232015685094","06","2023","05","685094","012","22","","","WA","6499","EBA","685094","1","4","52","521211","038","1","0001","Revisi Progjagar Kotama atau Balakpus TA 2023","15000000","0","15000000","Belanja Bahan","Revisi Progjagar Kotama atau Balakpus TA 2023","");
INSERT INTO dipa VALUES("230917232652685094","06","2023","05","685094","012","22","","","WA","6499","EBA","685094","1","4","52","521114","003","1","0001","Kirim Dokumen Keuangan","2400000","0","2400000","Belanja Pengiriman Surat Dinas Pos Pusat","Kirim Dokumen Keuangan","");
INSERT INTO dipa VALUES("230917231603685094","06","2023","05","685094","012","22","","","WA","6499","EBA","685094","1","4","52","521211","024","1","0001","Renja Kotama atau Balakpus TA 2024","20000000","0","20000000","Belanja Bahan","Renja Kotama atau Balakpus TA 2024","");
INSERT INTO dipa VALUES("230917232202685094","06","2023","05","685094","012","22","","","WA","6499","EBA","685094","1","4","52","521211","074","1","0001","Penyusunan Laporan Evaluasi Progjagar Satker (Belanja Bahan)","3000000","0","3000000","Belanja Bahan","Penyusunan Laporan Evaluasi Progjagar Satker (Belanja Bahan)","");
INSERT INTO dipa VALUES("230917231918685094","06","2023","05","685094","012","22","","","WA","6499","EBA","685094","1","4","52","521211","037","1","0001","Sun Progjagar Kotama atau Balakpus TA 2024","42500000","0","42500000","Belanja Bahan","Sun Progjagar Kotama atau Balakpus TA 2024","");
INSERT INTO dipa VALUES("230917231725685094","06","2023","05","685094","012","22","","","WA","6499","EBA","685094","1","4","52","521211","027","1","0001","Revisi Renja Kotama atau Balakpus TA 2023","10000000","0","10000000","Belanja Bahan","Revisi Renja Kotama atau Balakpus TA 2023","");
INSERT INTO dipa VALUES("230917232338685094","06","2023","05","685094","012","22","","","WA","6499","EBA","685094","1","4","52","521211","054","1","0001","Penyusunan Lapdallakrenbang Satker","2000000","0","2000000","Belanja Bahan","Penyusunan Lapdallakrenbang Satker","");
INSERT INTO dipa VALUES("230917231824685094","06","2023","05","685094","012","22","","","WA","6499","EBA","685094","1","4","52","521211","030","1","0001","RKA Kotama atau Balakpus TA 2024","50000000","0","50000000","Belanja Bahan","RKA Kotama atau Balakpus TA 2024","");
INSERT INTO dipa VALUES("230917230728685094","06","2023","05","685094","012","22","","","WA","6498","EBA","685094","1","4","52","521111","006","1","0001","Penyusunan Renbut Lima Tahunan Satker","16000000","0","16000000","Belanja Keperluan Perkantoran","Penyusunan Renbut Lima Tahunan Satker","");
INSERT INTO dipa VALUES("230917230348685094","06","2023","05","685094","012","22","","","WA","6498","EBA","685094","1","4","52","521111","014","1","0001","PEMBANGUNAN WTRB","5000000","0","5000000","Belanja Keperluan Perkantoran","Pembangunan WTRB","");
INSERT INTO dipa VALUES("230917231120685094","06","2023","05","685094","012","22","","","WA","6499","EBA","685094","1","4","52","521211","015","1","0001","Renbut Tahunan Kotama atau Balakpus Ta 2025","12000000","0","12000000","Belanja Bahan","Renbut Tahunan Kotama atau Balakpus Ta 2025","");
INSERT INTO dipa VALUES("230917231344685094","06","2023","05","685094","012","22","","","WA","6499","EBA","685094","1","4","52","521211","021","1","0001","Rancangan Renja Kotama atau Balakpus TA 2024","20000000","0","20000000","Belanja Bahan","Rancangan Renja Kotama atau Balakpus TA 2024","");
INSERT INTO dipa VALUES("230917230949685094","06","2023","05","685094","012","22","","","WA","6499","EBA","685094","1","4","52","521211","065","1","0001","Rekkon Intern Renproggar (Belanja Bahan)","25000000","0","25000000","Belanja Bahan","Rekkon Intern Renproggar (Belanja Bahan)","");
INSERT INTO dipa VALUES("230917231214685094","06","2023","05","685094","012","22","","","WA","6499","EBA","685094","1","4","52","521211","018","1","0001","Rancangan Awal Renja Kotama atau Balakpus 2024","20000000","0","20000000","Belanja Bahan","Rancangan Awal Renja Kotama atau Balakpus 2024","");
INSERT INTO dipa VALUES("230917225913685094","06","2023","05","685094","012","22","","","WA","6498","EBA","685094","1","4","52","521115","017","1","0001","HONOR KPA","9200000","0","9200000","Belanja Honor Operasional Satuan Kerja","Honor Kpa","");
INSERT INTO dipa VALUES("230917230551685094","03","2023","05","685094","012","22","","","WA","6498","EBC","685094","1","4","52","521211","021","1","0001","SIDANG TANDA JASA SLKS PNS TNI AD","1200000","0","1200000","Belanja Bahan","Sidang tanda jasa SLKS PNS TNI AD","");
INSERT INTO dipa VALUES("230917225808685094","06","2023","05","685094","012","22","","","WA","6498","EBA","685094","1","4","52","521115","016","1","0001","HONOR BPP","1800000","0","1800000","Belanja Honor Operasional Satuan Kerja","Honor Bpp","");
INSERT INTO dipa VALUES("230917230034685094","06","2023","05","685094","012","22","","","WA","6498","EBA","685094","1","4","52","521115","018","1","0001","HONOR OPERATOR SISFOREN","1200000","0","1200000","Belanja Honor Operasional Satuan Kerja","Honor Operator Sisforen","");
INSERT INTO dipa VALUES("230917230145685094","06","2023","05","685094","012","22","","","WA","6498","EBA","685094","1","4","52","521111","009","1","0001","Pelaksanaan RB Tk Pusat","5000000","0","5000000","Belanja Keperluan Perkantoran","Pelaksanaan RB Tk Pusat","");
INSERT INTO dipa VALUES("230917225715685094","06","2023","05","685094","012","22","","","WA","6498","EBA","685094","1","4","52","521115","015","1","0001","Honor Ppabp","3800000","0","3800000","Belanja Honor Operasional Satuan Kerja","Honor Ppabp","");
INSERT INTO dipa VALUES("230917225347685094","06","2023","05","685094","012","22","","","WA","6498","EBA","685094","1","4","52","521115","019","1","0001","Honor BP","3800000","0","3800000","Belanja Honor Operasional Satuan Kerja","Honor BP","");
INSERT INTO dipa VALUES("230917225621685094","06","2023","05","685094","012","22","","","WA","6498","EBA","685094","1","4","52","521115","014","1","0001","Honor Ppspm","5200000","0","5200000","Belanja Honor Operasional Satuan Kerja","Honor Ppspm","");
INSERT INTO dipa VALUES("230917224355685094","04","2023","05","685094","012","22","","","WA","6498","EBA","685094","1","4","52","521213","012","1","0001","HONOR SIMAK BMN","15000000","0","15000000","Belanja Honor Output Kegiatan","Honor Simak BMN","");
INSERT INTO dipa VALUES("230917225131685094","06","2023","05","685094","012","22","","","WA","6498","EBA","685094","1","4","52","521211","042","1","0001","Penyusunan Perjanjian Kinerja Satker","1000000","0","1000000","Belanja Bahan","Penyusunan Perjanjian Kinerja Satker","");
INSERT INTO dipa VALUES("230917224455685094","04","2023","05","685094","012","22","","","WA","6498","EBA","685094","1","4","52","521811","004","1","0001","ATK","927360000","0","927360000","Belanja Barang Persediaan Barang Konsumsi","ATK","");
INSERT INTO dipa VALUES("230917224608685094","06","2023","05","685094","012","22","","","WA","6498","EBA","685094","1","4","52","521111","013","1","0001","JUKCAN SATKER","16000000","0","16000000","Belanja Keperluan Perkantoran","Jukcan Satker","");
INSERT INTO dipa VALUES("230917224153685094","03","2023","05","685094","012","22","","","WA","6498","EBA","685094","1","4","52","521211","023","1","0001","SIDANG JABATAN PNS","1500000","0","1500000","Belanja Bahan","Sidang Jabatan PNS","");
INSERT INTO dipa VALUES("230917225030685094","06","2023","05","685094","012","22","","","WA","6498","EBA","685094","1","4","52","521211","039","1","0001","Penyusunan Laporan Kinerja (LKJ) Satker","4000000","0","4000000","Belanja Bahan","Penyusunan Laporan Kinerja (LKJ) Satker","");
INSERT INTO dipa VALUES("230917224857685094","06","2023","05","685094","012","22","","","WA","6498","EBA","685094","1","4","52","521211","036","1","0001","Penyusunan Laporan Kinerja Instansi Pemerintahan (LKIP) Satker","1000000","0","1000000","Belanja Bahan","Penyusunan Laporan Kinerja Instansi Pemerintahan (LKIP) Satker","");
INSERT INTO dipa VALUES("230917225231685094","06","2023","05","685094","012","22","","","WA","6498","EBA","685094","1","4","52","521211","045","1","0001","Revisi Perjanjian Kinerja Satker","1000000","0","1000000","Belanja Bahan","Revisi Perjanjian Kinerja Satker","");
INSERT INTO dipa VALUES("230917225506685094","06","2023","05","685094","012","22","","","WA","6498","EBA","685094","1","4","52","521115","020","1","0001","Honor SAK","6000000","0","6000000","Belanja Honor Operasional Satuan Kerja","Honor SAK","");
INSERT INTO dipa VALUES("230917224053685094","03","2023","05","685094","012","22","","","WA","6498","EBA","685094","1","4","52","521211","022","1","0001","SIDANG PANGKAT MILITER","2800000","0","2800000","Belanja Bahan","Sidang Pangkat Militer","");
INSERT INTO dipa VALUES("230917223642685094","03","2023","05","685094","012","22","","","WA","6498","EBA","685094","1","4","52","524111","016","2","0002","BPD MUTASI THP II","80551000","0","80551000","Belanja Perjalanan Dinas Biasa","BPD Mutasi","");
INSERT INTO dipa VALUES("230917223109685094","03","2023","05","685094","012","22","","","WA","6498","EBA","685094","1","4","52","524111","012","1","0001","Belanja Perjalanan Dinas Biasa","69800000","0","69800000","Belanja Perjalanan Dinas Biasa","BPD Rutin","");
INSERT INTO dipa VALUES("230917223541685094","03","2023","05","685094","012","22","","","WA","6498","EBA","685094","1","4","52","524111","016","1","0001","BPD MUTASI THP I","127800000","0","127800000","Belanja Perjalanan Dinas Biasa","BPD Mutasi","");
INSERT INTO dipa VALUES("230917223922685094","03","2023","05","685094","012","22","","","WA","6498","EBA","685094","1","4","52","521211","021","1","0001","SIDANG JABATAN MILITER","3600000","0","3600000","Belanja Bahan","Sidang Jabatan Militer","");
INSERT INTO dipa VALUES("230917221630685094","06","2023","05","685094","012","22","","","WA","6498","EBA","685094","1","4","51","511244","001","1","0001","Belanja Tunjangan Umum TNI/Polri","16450000","0","16450000","Belanja Tunjangan Umum TNI/Polri","Belanja Tunjangan Umum TNI/Polri","");
INSERT INTO dipa VALUES("230917220628685094","06","2023","05","685094","012","22","","","WA","6498","EBA","685094","1","4","51","511228","001","1","0001","Belanja Tunj. Lauk pauk TNI/POLRI ","1313580000","0","1313580000","Belanja Tunjangan Lauk Pauk TNI/POLRI","Belanja Tunj. Lauk Pauk TNI/Polri","");
INSERT INTO dipa VALUES("230917222912685094","03","2023","05","685094","012","22","","","WA","6498","EBA","685094","1","4","52","521115","001","1","0001","Belanja Honor Operasional Satuan Kerja","1200000","0","1200000","Belanja Honor Operasional Satuan Kerja","Honor Sisfopers","");
INSERT INTO dipa VALUES("230917220952685094","06","2023","05","685094","012","22","","","WA","6498","EBA","685094","1","4","51","511232","001","1","0001","Belanja Tunj. Kowan/Polwan TNI TNI/POLRI","1600000","0","1600000","Belanja Tunjangan Kowan/Polwan TNI TNI/POLRI","Belanja Tunj. Kowan/Polwan TNITni/Polri","");
INSERT INTO dipa VALUES("230917215504685094","06","2023","05","685094","012","22","","","WA","6498","EBA","685094","1","4","51","511225","001","1","0001","Belanja Tunj. PPh TNI/POLRI","163334000","0","163334000","Belanja Tunjangan PPh TNI/POLRI","Belanja Tunj. Pph TNI/Polri","");
INSERT INTO dipa VALUES("230917220122685094","06","2023","05","685094","012","22","","","WA","6498","EBA","685094","1","4","51","511226","001","1","0001","Belanja Tunj. Beras TNI/POLRI ","245000000","0","245000000","Belanja Tunjangan Beras TNI/POLRI","Belanja Tunj. Beras TNI/Polri","");
INSERT INTO dipa VALUES("230917222216685094","06","2023","05","685094","012","22","","","WA","6498","EBA","685094","1","4","51","512411","001","1","0001","Belanja Pegawai (Tunjangan Khusus/Kegiatan/Kinerja)","10379349000","0","10379349000","Belanja Pegawai (Tunjangan Khusus/ Kegiatan/Kinerja)","Tunjangan Kinerja","");
INSERT INTO dipa VALUES("230917215029685094","06","2023","05","685094","012","22","","","WA","6498","EBA","685094","1","4","51","511222","001","1","0001","Belanja Tunj. Anak TNI/Polri","108307000","0","108307000","Belanja Tunjangan Anak TNI/POLRI","Belanja Tunj. Anak TNI/Polri","");
INSERT INTO dipa VALUES("230915121917685094","06","2023","05","685094","012","22","","","WA","6498","EBA","685094","1","4","51","511219","001","1","0001","Belanja Pembulatan Gaji TNI/POLRI","53000","0","53000","Belanja Pembulatan Gaji TNI/POLRI","Belanja Pembulatan Gaji TNI/Polri","");
INSERT INTO dipa VALUES("230917214617685094","06","2023","05","685094","012","22","","","WA","6498","EBA","685094","1","4","51","511221","001","1","0001","Belanja Tunj. Suami/Istri TNI/POLRI ","424630000","0","424630000","Belanja Tunjangan Suami/Istri TNI/POLRI","Belanja Tunj. Suami/Istri TNI/Polri","");
INSERT INTO dipa VALUES("230917215238685094","06","2023","05","685094","012","22","","","WA","6498","EBA","685094","1","4","51","511223","001","1","0001","Belanja Tunj. Struktural TNI/POLRI","1762052000","0","1762052000","Belanja Tunjangan Struktural TNI/POLRI","Belanja Tunj. Struktural TNI/Polri","");
INSERT INTO dipa VALUES("230926141408685094","06","2023","05","685094","012","22","","","WA","6498","EBA","685094","1","4","51","511172","001","1","0001","Belanja Tunj. Anak PNS TNI/Polri","2420000","0","2420000","Belanja Tunjangan Anak PNS TNI/Polri","Belanja Tunj. Anak PNS TNI/Polri","");
INSERT INTO dipa VALUES("230915120116685094","06","2023","05","685094","012","22","","","WA","6498","EBA","685094","1","4","51","511175","001","1","0001","Belanja Tunj. PPh PNS TNI/Polri ","236000","0","236000","Belanja Tunjangan PPh PNS TNI/Polri","Belanja Tunj. Pph PNS TNI/Polri","");
INSERT INTO dipa VALUES("230915121724685094","06","2023","05","685094","012","22","","","WA","6498","EBA","685094","1","4","51","511211","001","1","0001","Belanja Gaji Pokok TNI/POLRI","4009880000","0","4009880000","Belanja Gaji Pokok TNI/POLRI","Belanja Gaji Pokok TNI/Polri","");
INSERT INTO dipa VALUES("230915120856685094","06","2023","05","685094","012","22","","","WA","6498","EBA","685094","1","4","51","511193","001","1","0001","Belanja Tunjangan Umum PNS TNI/Polr","10944000","0","10944000","Belanja Tunjangan Umum PNS TNI/Polri","Belanja Tunjangan Umum PNS TNI/Polri","");
INSERT INTO dipa VALUES("230915120747685094","06","2023","05","685094","012","22","","","WA","6498","EBA","685094","1","4","51","511179","001","1","0001","Belanja Uang Makan PNS TNI/Polri ","35491000","0","35491000","Belanja Uang Makan PNS TNI/Polri","Belanja Uang Makan PNS TNI/Polri","");
INSERT INTO dipa VALUES("230915120528685094","06","2023","05","685094","012","22","","","WA","6498","EBA","685094","1","4","51","511176","001","1","0001","Belanja Tunj. Beras PNS TNI/Polri ","8911000","0","8911000","Belanja Tunjangan Beras PNS TNI/Polri","Belanja Tunj. Beras PNS TNI/Polri","");
INSERT INTO dipa VALUES("230919230649685094","06","2023","05","685094","012","22","","","WA","6498","EBA","685094","1","4","51","511161","001","1","0001","Belanja Gaji Pokok PNS TNI/Polri","190742000","0","190742000","Belanja Gaji Pokok PNS TNI/Polri","Belanja Gaji Pokok PNS TNI/Polri","");
INSERT INTO dipa VALUES("230915115259685094","06","2023","05","685094","012","22","","","WA","6498","EBA","685094","1","4","51","511169","001","1","0001","Belanja Pembulatan Gaji PNS TNI/Polri","112000","0","112000","Belanja Pembulatan Gaji PNS TNI/Polri","Belanja Pembulatan Gaji PNS TNI/Polri","");
INSERT INTO dipa VALUES("230915113805685094","06","2023","05","685094","012","22","","","WA","6498","AEA","685094","1","4","52","524111","001","1","0001","BELANJA PERJALANAN DINAS BIASA","500000","0","500000","Belanja Perjalanan Dinas Biasa","Pemutakhiran Data RKA TA 2024","");
INSERT INTO dipa VALUES("230915115635685094","06","2023","05","685094","012","22","","","WA","6498","EBA","685094","1","4","51","511171","001","1","0001","Belanja Tunj. Suami/Istri PNS TNI/Polri ","11028000","0","11028000","Belanja Tunjangan Suami/Istri PNS TNI/Polri","Belanja Tunj. Suami/Istri PNS TNI/Polri","");
INSERT INTO dipa VALUES("230917235310685094","06","2023","05","685094","012","22","","","WA","6498","ABE","685094","1","4","52","521211","001","1","0001","BELANJA BAHAN (KAJIAN LAINNYA)","126329000","0","126329000","Belanja Bahan","Kajian Usulan Penataan dan Pembentukan Satuan Jajaran TNI AD","");
INSERT INTO dipa VALUES("230915113942685094","06","2023","05","685094","012","22","","","WA","6498","AEA","685094","1","4","52","524111","018","1","0001","BELANJA PERJALANAN DINAS BIASA","500000","0","500000","Belanja Perjalanan Dinas Biasa","Penelitian data RKA TNI AD TA 2024","");
INSERT INTO dipa VALUES("230918141524685094","06","2023","05","685094","012","22","","","KA","1454","ABE","685094","1","4","52","524111","006","1","0001","BELANJA PERJALANAN DINAS BIASA","2848000000","0","2848000000","Belanja Perjalanan Dinas Biasa","Analisa Kebijakan","");
INSERT INTO dipa VALUES("230918140941685094","06","2023","05","685094","012","22","","","KA","1454","ABE","685094","1","4","52","521213","003","1","0001","BELANJA HONOR OUTPUT KEGIATAN","127000000","0","127000000","Belanja Honor Output Kegiatan","Analisa Kebijakan","");
INSERT INTO dipa VALUES("230914144824685094","06","2023","05","685094","012","22","","","AC","1466","AEF","685094","1","4","52","524111","003","1","0001","BPD Bimtek Lakgar","1500000","0","1500000","Belanja Perjalanan Dinas Biasa","Bimtek Lakgar","");
INSERT INTO dipa VALUES("230918142254685094","06","2023","05","685094","012","22","","","WA","6498","ABE","685094","1","4","52","521219","001","1","0001","BELANJA BARANG NON OPERASIONAL LAINNYA","150630000","0","150630000","Belanja Barang Non Operasional Lainnya","Kajian Lainnya","");
INSERT INTO dipa VALUES("230918142631685094","06","2023","05","685094","012","22","","","WA","6498","ABE","685094","1","4","52","524111","002","1","0001","BELANJA PERJALANAN DINAS BIASA","373241000","0","373241000","Belanja Perjalanan Dinas Biasa","Kajian Lainnya","");
INSERT INTO dipa VALUES("230914144930685094","06","2023","05","685094","012","22","","","AC","1466","AEF","685094","1","4","52","521211","009","1","0001","Pembinaan Keuangan TA 2023","3000000","0","3000000","Belanja Bahan","Pembinaan Keuangan","");
INSERT INTO dipa VALUES("230917234135685094","06","2023","05","685094","012","22","","","KA","1454","ABE","685094","1","4","52","521211","005","1","0001","BELANJA BAHAN (ANALISA KEBIJAKAN)","225000000","0","225000000","Belanja Bahan","Analisa Kebijakan","");
INSERT INTO dipa VALUES("230918142058685094","06","2023","05","685094","012","22","","","WA","6498","ABE","685094","1","4","52","521213","002","1","0001","BELANJA HONOR OUTPUT KEGIATAN","27800000","0","27800000","Belanja Honor Output Kegiatan","Kajian Lainnya","");
INSERT INTO dipa VALUES("230917234515685094","03","2023","05","685094","012","22","","","WA","6498","EBA","685094","1","4","52","521211","010","1","0001","Bin Korpri","3000000","0","3000000","Belanja Bahan","Bin Korpri","");



DELETE FROM bpjs where kdkotama=05;




DELETE FROM  yanmasum where kdkotama=05;




DELETE FROM blu where kdkotama=05;




DELETE FROM  hibah where kdkotama=05;




DELETE FROM  kapitasi where kdkotama=05;




DELETE FROM  realisasi where kdkotama=05;

INSERT INTO  realisasi VALUES("230919230649685094","231114091615685094","01","2023","05","685094","06","1","4","51","WA","6498","EBA","511161","001","01","2023-01-31","1","01","2023-01-31","1","01","2023-01-31","Belanja Gaji Pokok PNS TNI/Polri","23660200","");
INSERT INTO  realisasi VALUES("230917233231685094","231106102309685094","10","2023","05","685094","06","1","4","52","WA","6499","EBD","521111","002","010","2023-10-31","10","010","2023-10-31","10","010","2023-10-31","Bbsk","1239000","");
INSERT INTO  realisasi VALUES("230917233513685094","231106102421685094","10","2023","05","685094","06","1","4","52","WA","6502","EBA","521119","001","010","2023-10-31","10","010","2023-10-31","10","010","2023-10-31","Kodal","640000000","");
INSERT INTO  realisasi VALUES("230917232652685094","231106102107685094","10","2023","05","685094","06","1","4","52","WA","6499","EBA","521114","003","010","2023-10-31","10","010","2023-10-31","10","010","2023-10-31","Kirim Dokumen Keuangan","1200000","");
INSERT INTO  realisasi VALUES("230917232956685094","231106102204685094","10","2023","05","685094","06","1","4","52","WA","6499","EBA","521211","063","010","2023-10-31","10","010","2023-10-31","10","010","2023-10-31","SUN LK","1200000","");
INSERT INTO  realisasi VALUES("230914144930685094","231102152807685094","10","2023","05","685094","06","1","4","52","AC","1466","AEF","521211","009","010","2023-10-31","10","010","2023-10-31","10","010","2023-10-31","Pembinaan Keuangan TA 2023","3000000","");
INSERT INTO  realisasi VALUES("230915115259685094","231102153930685094","10","2023","05","685094","06","1","4","51","WA","6498","EBA","511169","001","010","2023-10-31","10","010","2023-10-31","10","010","2023-10-31","Belanja Pembulatan Gaji PNS TNI/Polri","167","");
INSERT INTO  realisasi VALUES("230915115635685094","231102154051685094","10","2023","05","685094","06","1","4","51","WA","6498","EBA","511171","001","010","2023-10-31","10","010","2023-10-31","10","010","2023-10-31","Belanja Tunj. Suami/Istri PNS TNI/Polri ","301200","");
INSERT INTO  realisasi VALUES("230917232459685094","231106101908685094","10","2023","05","685094","06","1","4","52","WA","6499","EBA","521111","008","010","2023-10-31","10","010","2023-10-31","10","010","2023-10-31","Watdoku","1900000","");
INSERT INTO  realisasi VALUES("230917224608685094","231003113758685094","09","2023","05","685094","06","1","4","52","WA","6498","EBA","521111","013","09","2023-09-30","9","09","2023-09-30","9","09","2023-09-30","JUKCAN SATKER","16000000","");
INSERT INTO  realisasi VALUES("230919230649685094","231102153754685094","10","2023","05","685094","06","1","4","51","WA","6498","EBA","511161","001","010","2023-10-31","10","010","2023-10-31","10","010","2023-10-31","Belanja Gaji Pokok PNS TNI/Polri","8940300","");
INSERT INTO  realisasi VALUES("230917224455685094","231003113635685094","09","2023","05","685094","04","1","4","52","WA","6498","EBA","521811","004","09","2023-09-30","9","09","2023-09-30","9","09","2023-09-30","ATK","72864000","");
INSERT INTO  realisasi VALUES("230917224355685094","231003113418685094","09","2023","05","685094","04","1","4","52","WA","6498","EBA","521213","012","09","2023-09-30","9","09","2023-09-30","9","09","2023-09-30","HONOR SIMAK BMN","7500000","");
INSERT INTO  realisasi VALUES("230917223109685094","231003113138685094","09","2023","05","685094","03","1","4","52","WA","6498","EBA","524111","012","09","2023-09-30","9","09","2023-09-30","9","09","2023-09-30","Belanja Perjalanan Dinas Biasa","16641500","");
INSERT INTO  realisasi VALUES("230917222216685094","231003112851685094","09","2023","05","685094","06","1","4","51","WA","6498","EBA","512411","001","09","2023-09-30","9","09","2023-09-30","9","09","2023-09-30","Belanja Pegawai (Tunjangan Khusus/Kegiatan/Kinerja)","780775262","");
INSERT INTO  realisasi VALUES("230917220952685094","231003111521685094","09","2023","05","685094","06","1","4","51","WA","6498","EBA","511232","001","09","2023-09-30","9","09","2023-09-30","9","09","2023-09-30","Belanja Tunj. Kowan/Polwan TNI TNI/POLRI","150000","");
INSERT INTO  realisasi VALUES("230917215504685094","231002151404685094","09","2023","05","685094","06","1","4","51","WA","6498","EBA","511225","001","09","2023-09-30","9","09","2023-09-30","9","09","2023-09-30","Belanja Tunj. PPh TNI/POLRI","8930532","");
INSERT INTO  realisasi VALUES("230917215238685094","231002151205685094","09","2023","05","685094","06","1","4","51","WA","6498","EBA","511223","001","09","2023-09-30","9","09","2023-09-30","9","09","2023-09-30","Belanja Tunj. Struktural TNI/POLRI","150435000","");
INSERT INTO  realisasi VALUES("230917220628685094","231003111310685094","09","2023","05","685094","06","1","4","51","WA","6498","EBA","511228","001","09","2023-09-30","9","09","2023-09-30","9","09","2023-09-30","Belanja Tunj. Lauk pauk TNI/POLRI ","169260000","");
INSERT INTO  realisasi VALUES("230917220122685094","231003111005685094","09","2023","05","685094","06","1","4","51","WA","6498","EBA","511226","001","09","2023-09-30","9","09","2023-09-30","9","09","2023-09-30","Belanja Tunj. Beras TNI/POLRI ","24825576","");
INSERT INTO  realisasi VALUES("230917221630685094","231003111700685094","09","2023","05","685094","06","1","4","51","WA","6498","EBA","511244","001","09","2023-09-30","9","09","2023-09-30","9","09","2023-09-30","Belanja Tunjangan Umum TNI/Polri","2550000","");
INSERT INTO  realisasi VALUES("230917215029685094","231002150959685094","09","2023","05","685094","06","1","4","51","WA","6498","EBA","511222","001","09","2023-09-30","9","09","2023-09-30","9","09","2023-09-30","Belanja Tunj. Anak TNI/Polri","8394760","");
INSERT INTO  realisasi VALUES("230915120856685094","231002145428685094","09","2023","05","685094","06","1","4","51","WA","6498","EBA","511193","001","09","2023-09-30","9","09","2023-09-30","9","09","2023-09-30","Belanja Tunjangan Umum PNS TNI/Polr","550000","");
INSERT INTO  realisasi VALUES("230917214617685094","231002150808685094","09","2023","05","685094","06","1","4","51","WA","6498","EBA","511221","001","09","2023-09-30","9","09","2023-09-30","9","09","2023-09-30","Belanja Tunj. Suami/Istri TNI/POLRI ","34899880","");
INSERT INTO  realisasi VALUES("230915121917685094","231002150558685094","09","2023","05","685094","06","1","4","51","WA","6498","EBA","511219","001","09","2023-09-30","9","09","2023-09-30","9","09","2023-09-30","Belanja Pembulatan Gaji TNI/POLRI","3637","");
INSERT INTO  realisasi VALUES("230915121724685094","231002150104685094","09","2023","05","685094","06","1","4","51","WA","6498","EBA","511211","001","09","2023-09-30","9","09","2023-09-30","9","09","2023-09-30","Belanja Gaji Pokok TNI/POLRI","376689100","");
INSERT INTO  realisasi VALUES("230915120528685094","231002144945685094","09","2023","05","685094","06","1","4","51","WA","6498","EBA","511176","001","09","2023-09-30","9","09","2023-09-30","9","09","2023-09-30","Belanja Tunj. Beras PNS TNI/Polri ","434520","");
INSERT INTO  realisasi VALUES("230915115259685094","231002144220685094","09","2023","05","685094","06","1","4","51","WA","6498","EBA","511169","001","09","2023-09-30","9","09","2023-09-30","9","09","2023-09-30","Belanja Pembulatan Gaji PNS TNI/Polri","167","");
INSERT INTO  realisasi VALUES("230915120747685094","231002145154685094","09","2023","05","685094","06","1","4","51","WA","6498","EBA","511179","001","09","2023-09-30","9","09","2023-09-30","9","09","2023-09-30","Belanja Uang Makan PNS TNI/Polri ","2398000","");
INSERT INTO  realisasi VALUES("230919230649685094","231002143938685094","09","2023","05","685094","06","1","4","51","WA","6498","EBA","511161","001","09","2023-09-30","9","09","2023-09-30","9","09","2023-09-30","Belanja Gaji Pokok PNS TNI/Polri","11029300","");
INSERT INTO  realisasi VALUES("230915115635685094","231002144524685094","09","2023","05","685094","06","1","4","51","WA","6498","EBA","511171","001","09","2023-09-30","9","09","2023-09-30","9","09","2023-09-30","Belanja Tunj. Suami/Istri PNS TNI/Polri ","301200","");
INSERT INTO  realisasi VALUES("230926141408685094","231002144735685094","09","2023","05","685094","06","1","4","51","WA","6498","EBA","511172","001","09","2023-09-30","9","09","2023-09-30","9","09","2023-09-30","Belanja Tunj. Anak PNS TNI/Polri","120480","");
INSERT INTO  realisasi VALUES("230918140941685094","231002125756685094","09","2023","05","685094","06","1","4","52","KA","1454","ABE","521213","003","09","2023-09-30","9","09","2023-09-30","9","09","2023-09-30","BELANJA HONOR OUTPUT KEGIATAN","30400000","");
INSERT INTO  realisasi VALUES("230917233513685094","230924220615685094","08","2023","05","685094","06","1","4","52","WA","6502","EBA","521119","001","08","2023-08-31","8","08","2023-08-31","8","08","2023-08-31","Kodal","669000000","");
INSERT INTO  realisasi VALUES("230918141524685094","231002134729685094","09","2023","05","685094","06","1","4","52","KA","1454","ABE","524111","006","09","2023-09-30","9","09","2023-09-30","9","09","2023-09-30","BELANJA PERJALANAN DINAS BIASA","712000000","");
INSERT INTO  realisasi VALUES("230917224455685094","230924220454685094","08","2023","05","685094","04","1","4","52","WA","6498","EBA","521811","004","08","2023-08-31","8","08","2023-08-31","8","08","2023-08-31","ATK","158976000","");
INSERT INTO  realisasi VALUES("230917222216685094","230924220316685094","08","2023","05","685094","06","1","4","51","WA","6498","EBA","512411","001","08","2023-08-31","8","08","2023-08-31","8","08","2023-08-31","Belanja Pegawai (Tunjangan Khusus/Kegiatan/Kinerja)","814253124","");
INSERT INTO  realisasi VALUES("230917221630685094","230924220153685094","08","2023","05","685094","06","1","4","51","WA","6498","EBA","511244","001","08","2023-08-31","8","08","2023-08-31","8","08","2023-08-31","Belanja Tunjangan Umum TNI/Polri","2400000","");
INSERT INTO  realisasi VALUES("230917220122685094","230924215756685094","08","2023","05","685094","06","1","4","51","WA","6498","EBA","511226","001","08","2023-08-31","8","08","2023-08-31","8","08","2023-08-31","Belanja Tunj. Beras TNI/POLRI ","24622800","");
INSERT INTO  realisasi VALUES("230917220952685094","230924220035685094","08","2023","05","685094","06","1","4","51","WA","6498","EBA","511232","001","08","2023-08-31","8","08","2023-08-31","8","08","2023-08-31","Belanja Tunj. Kowan/Polwan TNI TNI/POLRI","150000","");
INSERT INTO  realisasi VALUES("230917215504685094","230924215630685094","08","2023","05","685094","06","1","4","51","WA","6498","EBA","511225","001","08","2023-08-31","8","08","2023-08-31","8","08","2023-08-31","Belanja Tunj. PPh TNI/POLRI","12430112","");
INSERT INTO  realisasi VALUES("230917215238685094","230924215511685094","08","2023","05","685094","06","1","4","51","WA","6498","EBA","511223","001","08","2023-08-31","8","08","2023-08-31","8","08","2023-08-31","Belanja Tunj. Struktural TNI/POLRI","150920000","");
INSERT INTO  realisasi VALUES("230917220628685094","230924215916685094","08","2023","05","685094","06","1","4","51","WA","6498","EBA","511228","001","08","2023-08-31","8","08","2023-08-31","8","08","2023-08-31","Belanja Tunj. Lauk pauk TNI/POLRI ","162060000","");
INSERT INTO  realisasi VALUES("230917215029685094","230924215344685094","08","2023","05","685094","06","1","4","51","WA","6498","EBA","511222","001","08","2023-08-31","8","08","2023-08-31","8","08","2023-08-31","Belanja Tunj. Anak TNI/Polri","8276752","");
INSERT INTO  realisasi VALUES("230915121917685094","230924215048685094","08","2023","05","685094","06","1","4","51","WA","6498","EBA","511219","001","08","2023-08-31","8","08","2023-08-31","8","08","2023-08-31","Belanja Pembulatan Gaji TNI/POLRI","3660","");
INSERT INTO  realisasi VALUES("230926141408685094","230926143703685094","02","2023","05","685094","06","1","4","51","WA","6498","EBA","511172","001","02","2023-02-28","2","02","2023-02-28","2","02","2023-02-28","Belanja Tunj. Anak PNS TNI/Polri","115592","");
INSERT INTO  realisasi VALUES("230915120856685094","230924214718685094","08","2023","05","685094","06","1","4","51","WA","6498","EBA","511193","001","08","2023-08-31","8","08","2023-08-31","8","08","2023-08-31","Belanja Tunjangan Umum PNS TNI/Polr","550000","");
INSERT INTO  realisasi VALUES("230915121724685094","230924214847685094","08","2023","05","685094","06","1","4","51","WA","6498","EBA","511211","001","08","2023-08-31","8","08","2023-08-31","8","08","2023-08-31","Belanja Gaji Pokok TNI/POLRI","373664900","");
INSERT INTO  realisasi VALUES("230917214617685094","230924215216685094","08","2023","05","685094","06","1","4","51","WA","6498","EBA","511221","001","08","2023-08-31","8","08","2023-08-31","8","08","2023-08-31","Belanja Tunj. Suami/Istri TNI/POLRI ","34835590","");
INSERT INTO  realisasi VALUES("230915120747685094","230924214536685094","08","2023","05","685094","06","1","4","51","WA","6498","EBA","511179","001","08","2023-08-31","8","08","2023-08-31","8","08","2023-08-31","Belanja Uang Makan PNS TNI/Polri ","2180000","");
INSERT INTO  realisasi VALUES("230915120528685094","230924214419685094","08","2023","05","685094","06","1","4","51","WA","6498","EBA","511176","001","08","2023-08-31","8","08","2023-08-31","8","08","2023-08-31","Belanja Tunj. Beras PNS TNI/Polri ","434520","");
INSERT INTO  realisasi VALUES("230917233513685094","230924212940685094","07","2023","05","685094","06","1","4","52","WA","6502","EBA","521119","001","07","2023-07-31","7","07","2023-07-31","7","07","2023-07-31","Kodal","609500000","");
INSERT INTO  realisasi VALUES("230919230649685094","230924213927685094","08","2023","05","685094","06","1","4","51","WA","6498","EBA","511161","001","08","2023-08-31","8","08","2023-08-31","8","08","2023-08-31","Belanja Gaji Pokok PNS TNI/Polri","8940300","");
INSERT INTO  realisasi VALUES("230915115635685094","230924214149685094","08","2023","05","685094","06","1","4","51","WA","6498","EBA","511171","001","08","2023-08-31","8","08","2023-08-31","8","08","2023-08-31","Belanja Tunj. Suami/Istri PNS TNI/Polri ","301200","");
INSERT INTO  realisasi VALUES("230915115259685094","230924214036685094","08","2023","05","685094","06","1","4","51","WA","6498","EBA","511169","001","08","2023-08-31","8","08","2023-08-31","8","08","2023-08-31","Belanja Pembulatan Gaji PNS TNI/Polri","167","");
INSERT INTO  realisasi VALUES("230918142058685094","230924213725685094","08","2023","05","685094","06","1","4","52","WA","6498","ABE","521213","002","08","2023-08-31","8","08","2023-08-31","8","08","2023-08-31","BELANJA HONOR OUTPUT KEGIATAN","5600000","");
INSERT INTO  realisasi VALUES("230917233624685094","230924213100685094","07","2023","05","685094","06","1","4","52","WA","6502","EBA","521119","002","07","2023-07-31","7","07","2023-07-31","7","07","2023-07-31","Dukungan Representasi","497700000","");
INSERT INTO  realisasi VALUES("230915115259685094","230919232130685094","01","2023","05","685094","06","1","4","51","WA","6498","EBA","511169","001","01","2023-01-31","1","01","2023-01-31","1","01","2023-01-31","Belanja Pembulatan Gaji PNS TNI/Polri","474","");
INSERT INTO  realisasi VALUES("230917231725685094","230924212758685094","07","2023","05","685094","06","1","4","52","WA","6499","EBA","521211","027","07","2023-07-31","7","07","2023-07-31","7","07","2023-07-31","Revisi Renja Kotama atau Balakpus TA 2023","10000000","");
INSERT INTO  realisasi VALUES("230917223109685094","231114120624685094","08","2023","05","685094","03","1","4","52","WA","6498","EBA","524111","012","08","2023-08-31","8","08","2023-08-31","8","08","2023-08-31","Belanja Perjalanan Dinas Biasa","53158500","");
INSERT INTO  realisasi VALUES("230917231344685094","230924212623685094","07","2023","05","685094","06","1","4","52","WA","6499","EBA","521211","021","07","2023-07-31","7","07","2023-07-31","7","07","2023-07-31","Rancangan Renja Kotama atau Balakpus TA 2024","20000000","");
INSERT INTO  realisasi VALUES("230915115635685094","230919232243685094","01","2023","05","685094","06","1","4","51","WA","6498","EBA","511171","001","01","2023-01-31","1","01","2023-01-31","1","01","2023-01-31","Belanja Tunj. Suami/Istri PNS TNI/Polri ","1180360","");
INSERT INTO  realisasi VALUES("230926141408685094","230926151156685094","08","2023","05","685094","06","1","4","51","WA","6498","EBA","511172","001","08","2023-08-31","8","08","2023-08-31","8","08","2023-08-31","Belanja Tunj. Anak PNS TNI/Polri","120480","");
INSERT INTO  realisasi VALUES("230915121724685094","230919232652685094","01","2023","05","685094","06","1","4","51","WA","6498","EBA","511211","001","01","2023-01-31","1","01","2023-01-31","1","01","2023-01-31","Belanja Gaji Pokok TNI/POLRI","647750600","");
INSERT INTO  realisasi VALUES("230915120856685094","230919232557685094","01","2023","05","685094","06","1","4","51","WA","6498","EBA","511193","001","01","2023-01-31","1","01","2023-01-31","1","01","2023-01-31","Belanja Tunjangan Umum PNS TNI/Polr","1460000","");
INSERT INTO  realisasi VALUES("230915120528685094","230919232509685094","01","2023","05","685094","06","1","4","51","WA","6498","EBA","511176","001","01","2023-01-31","1","01","2023-01-31","1","01","2023-01-31","Belanja Tunj. Beras PNS TNI/Polri ","1448400","");
INSERT INTO  realisasi VALUES("230917214617685094","230919232913685094","01","2023","05","685094","06","1","4","51","WA","6498","EBA","511221","001","01","2023-01-31","1","01","2023-01-31","1","01","2023-01-31","Belanja Tunj. Suami/Istri TNI/POLRI ","63067400","");
INSERT INTO  realisasi VALUES("230915121917685094","230919232829685094","01","2023","05","685094","06","1","4","51","WA","6498","EBA","511219","001","01","2023-01-31","1","01","2023-01-31","1","01","2023-01-31","Belanja Pembulatan Gaji TNI/POLRI","5247","");
INSERT INTO  realisasi VALUES("230917215238685094","230919233104685094","01","2023","05","685094","06","1","4","51","WA","6498","EBA","511223","001","01","2023-01-31","1","01","2023-01-31","1","01","2023-01-31","Belanja Tunj. Struktural TNI/POLRI","283930000","");
INSERT INTO  realisasi VALUES("230917215029685094","230919233006685094","01","2023","05","685094","06","1","4","51","WA","6498","EBA","511222","001","01","2023-01-31","1","01","2023-01-31","1","01","2023-01-31","Belanja Tunj. Anak TNI/Polri","15962792","");
INSERT INTO  realisasi VALUES("230917220122685094","230919233236685094","01","2023","05","685094","06","1","4","51","WA","6498","EBA","511226","001","01","2023-01-31","1","01","2023-01-31","1","01","2023-01-31","Belanja Tunj. Beras TNI/POLRI ","41858760","");
INSERT INTO  realisasi VALUES("230919230649685094","230920115516685094","02","2023","05","685094","06","1","4","51","WA","6498","EBA","511161","001","02","2023-02-28","2","02","2023-02-28","2","02","2023-02-28","Belanja Gaji Pokok PNS TNI/Polri","8818100","");
INSERT INTO  realisasi VALUES("230917220628685094","230919233315685094","01","2023","05","685094","06","1","4","51","WA","6498","EBA","511228","001","01","2023-01-31","1","01","2023-01-31","1","01","2023-01-31","Belanja Tunj. Lauk pauk TNI/POLRI ","256920000","");
INSERT INTO  realisasi VALUES("230917220952685094","230919233400685094","01","2023","05","685094","06","1","4","51","WA","6498","EBA","511232","001","1","2023-01-31","1","1","2023-01-31","1","1","2023-01-31","Belanja Tunj. Kowan/Polwan TNI TNI/POLRI","100000","");
INSERT INTO  realisasi VALUES("230926141408685094","230926145541685094","07","2023","05","685094","06","1","4","51","WA","6498","EBA","511172","001","07","2023-07-31","7","07","2023-07-31","7","07","2023-07-31","Belanja Tunj. Anak PNS TNI/Polri","120480","");
INSERT INTO  realisasi VALUES("230917215504685094","230919233143685094","01","2023","05","685094","06","1","4","51","WA","6498","EBA","511225","001","01","2023-01-31","1","01","2023-01-31","1","01","2023-01-31","Belanja Tunj. PPh TNI/POLRI","14563135","");
INSERT INTO  realisasi VALUES("230917221630685094","230919233443685094","01","2023","05","685094","06","1","4","51","WA","6498","EBA","511244","001","01","2023-01-31","1","01","2023-01-31","1","01","2023-01-31","Belanja Tunjangan Umum TNI/Polri","2850000","");
INSERT INTO  realisasi VALUES("230915115259685094","230920120338685094","02","2023","05","685094","06","1","4","51","WA","6498","EBA","511169","001","02","2023-02-28","2","02","2023-02-28","2","02","2023-02-28","Belanja Pembulatan Gaji PNS TNI/Polri","187","");
INSERT INTO  realisasi VALUES("230915120528685094","230920121311685094","02","2023","05","685094","06","1","4","51","WA","6498","EBA","511176","001","02","2023-02-28","2","02","2023-02-28","2","02","2023-02-28","Belanja Tunj. Beras PNS TNI/Polri ","434520","");
INSERT INTO  realisasi VALUES("230915115635685094","230920120627685094","02","2023","05","685094","06","1","4","51","WA","6498","EBA","511171","001","02","2023-02-28","2","02","2023-02-28","2","02","2023-02-28","Belanja Tunj. Suami/Istri PNS TNI/Polri ","288980","");
INSERT INTO  realisasi VALUES("230915120856685094","230920122018685094","02","2023","05","685094","06","1","4","51","WA","6498","EBA","511193","001","02","2023-02-28","2","02","2023-02-28","2","02","2023-02-28","Belanja Tunjangan Umum PNS TNI/Polr","545000","");
INSERT INTO  realisasi VALUES("230915121724685094","230920122350685094","02","2023","05","685094","06","1","4","51","WA","6498","EBA","511211","001","02","2023-02-28","2","02","2023-02-28","2","02","2023-02-28","Belanja Gaji Pokok TNI/POLRI","377210000","");
INSERT INTO  realisasi VALUES("230915121917685094","230920122916685094","02","2023","05","685094","06","1","4","51","WA","6498","EBA","511219","001","02","2023-02-28","2","02","2023-02-28","2","02","2023-02-28","Belanja Pembulatan Gaji TNI/POLRI","3310","");
INSERT INTO  realisasi VALUES("230917215238685094","230920144301685094","02","2023","05","685094","06","1","4","51","WA","6498","EBA","511223","001","02","2023-02-28","2","02","2023-02-28","2","02","2023-02-28","Belanja Tunj. Struktural TNI/POLRI","153405000","");
INSERT INTO  realisasi VALUES("230915120747685094","230920121621685094","02","2023","05","685094","06","1","4","51","WA","6498","EBA","511179","001","02","2023-02-28","2","02","2023-02-28","2","02","2023-02-28","Belanja Uang Makan PNS TNI/Polri ","3024000","");
INSERT INTO  realisasi VALUES("230917214617685094","230920143800685094","02","2023","05","685094","06","1","4","51","WA","6498","EBA","511221","001","02","2023-02-28","2","02","2023-02-28","2","02","2023-02-28","Belanja Tunj. Suami/Istri TNI/POLRI ","36022690","");
INSERT INTO  realisasi VALUES("230917215029685094","230920144044685094","02","2023","05","685094","06","1","4","51","WA","6498","EBA","511222","001","02","2023-02-28","2","02","2023-02-28","2","02","2023-02-28","Belanja Tunj. Anak TNI/Polri","8394120","");
INSERT INTO  realisasi VALUES("230917215504685094","230920144646685094","02","2023","05","685094","06","1","4","51","WA","6498","EBA","511225","001","02","2023-02-28","2","02","2023-02-28","2","02","2023-02-28","Belanja Tunj. PPh TNI/POLRI","7833477","");
INSERT INTO  realisasi VALUES("230917220628685094","230920145148685094","02","2023","05","685094","06","1","4","51","WA","6498","EBA","511228","001","02","2023-02-28","2","02","2023-02-28","2","02","2023-02-28","Belanja Tunj. Lauk pauk TNI/POLRI ","162420000","");
INSERT INTO  realisasi VALUES("230917220122685094","230920144959685094","02","2023","05","685094","06","1","4","51","WA","6498","EBA","511226","001","02","2023-02-28","2","02","2023-02-28","2","02","2023-02-28","Belanja Tunj. Beras TNI/POLRI ","24506928","");
INSERT INTO  realisasi VALUES("230917220952685094","230920150521685094","02","2023","05","685094","06","1","4","51","WA","6498","EBA","511232","001","02","2023-02-28","2","02","2023-02-28","2","02","2023-02-28","Belanja Tunj. Kowan/Polwan TNI TNI/POLRI","100000","");
INSERT INTO  realisasi VALUES("230917222216685094","230920150902685094","02","2023","05","685094","06","1","4","51","WA","6498","EBA","512411","001","02","2023-02-28","2","02","2023-02-28","2","02","2023-02-28","Belanja Pegawai (Tunjangan Khusus/Kegiatan/Kinerja)","786339182","");
INSERT INTO  realisasi VALUES("230917221630685094","230920150656685094","02","2023","05","685094","06","1","4","51","WA","6498","EBA","511244","001","02","2023-02-28","2","02","2023-02-28","2","02","2023-02-28","Belanja Tunjangan Umum TNI/Polri","2175000","");
INSERT INTO  realisasi VALUES("230919230649685094","230920153412685094","03","2023","05","685094","06","1","4","51","WA","6498","EBA","511161","001","03","2023-03-31","3","03","2023-03-31","3","03","2023-03-31","Belanja Gaji Pokok PNS TNI/Polri","8818100","");
INSERT INTO  realisasi VALUES("230915120528685094","230920155054685094","03","2023","05","685094","06","1","4","51","WA","6498","EBA","511176","001","03","2023-03-31","3","03","2023-03-31","3","03","2023-03-31","Belanja Tunj. Beras PNS TNI/Polri ","434520","");
INSERT INTO  realisasi VALUES("230915115259685094","230920153835685094","03","2023","05","685094","06","1","4","51","WA","6498","EBA","511169","001","03","2023-03-31","3","03","2023-03-31","3","03","2023-03-31","Belanja Pembulatan Gaji PNS TNI/Polri","187","");
INSERT INTO  realisasi VALUES("230926141408685094","230926145132685094","06","2023","05","685094","06","1","4","51","WA","6498","EBA","511172","001","06","2023-06-30","6","06","2023-06-30","6","06","2023-06-30","Belanja Tunj. Anak PNS TNI/Polri","240960","");
INSERT INTO  realisasi VALUES("230915120747685094","230920155235685094","03","2023","05","685094","06","1","4","51","WA","6498","EBA","511179","001","03","2023-03-31","3","03","2023-03-31","3","03","2023-03-31","Belanja Uang Makan PNS TNI/Polri ","2140000","");
INSERT INTO  realisasi VALUES("230917214617685094","230920155858685094","03","2023","05","685094","06","1","4","51","WA","6498","EBA","511221","001","03","2023-03-31","3","03","2023-03-31","3","03","2023-03-31","Belanja Tunj. Suami/Istri TNI/POLRI ","34466830","");
INSERT INTO  realisasi VALUES("230915115635685094","230920154152685094","03","2023","05","685094","06","1","4","51","WA","6498","EBA","511171","001","03","2023-03-31","3","03","2023-03-31","3","03","2023-03-31","Belanja Tunj. Suami/Istri PNS TNI/Polri ","288980","");
INSERT INTO  realisasi VALUES("230915121917685094","230920155732685094","03","2023","05","685094","06","1","4","51","WA","6498","EBA","511219","001","03","2023-03-31","3","03","2023-03-31","3","03","2023-03-31","Belanja Pembulatan Gaji TNI/POLRI","3565","");
INSERT INTO  realisasi VALUES("230915121724685094","230920155526685094","03","2023","05","685094","06","1","4","51","WA","6498","EBA","511211","001","03","2023-03-31","3","03","2023-03-31","3","03","2023-03-31","Belanja Gaji Pokok TNI/POLRI","360053800","");
INSERT INTO  realisasi VALUES("230917215029685094","230920160033685094","03","2023","05","685094","06","1","4","51","WA","6498","EBA","511222","001","03","2023-03-31","3","03","2023-03-31","3","03","2023-03-31","Belanja Tunj. Anak TNI/Polri","7860436","");
INSERT INTO  realisasi VALUES("230915120856685094","230920155408685094","03","2023","05","685094","06","1","4","51","WA","6498","EBA","511193","001","03","2023-03-31","3","03","2023-03-31","3","03","2023-03-31","Belanja Tunjangan Umum PNS TNI/Polr","545000","");
INSERT INTO  realisasi VALUES("230917220628685094","230920160808685094","03","2023","05","685094","06","1","4","51","WA","6498","EBA","511228","001","03","2023-03-31","3","03","2023-03-31","3","03","2023-03-31","Belanja Tunj. Lauk pauk TNI/POLRI ","149520000","");
INSERT INTO  realisasi VALUES("230917220122685094","230920160542685094","03","2023","05","685094","06","1","4","51","WA","6498","EBA","511226","001","03","2023-03-31","3","03","2023-03-31","3","03","2023-03-31","Belanja Tunj. Beras TNI/POLRI ","23058528","");
INSERT INTO  realisasi VALUES("230917215238685094","230920160218685094","03","2023","05","685094","06","1","4","51","WA","6498","EBA","511223","001","03","2023-03-31","3","03","2023-03-31","3","03","2023-03-31","Belanja Tunj. Struktural TNI/POLRI","153375000","");
INSERT INTO  realisasi VALUES("230917215504685094","230920160412685094","03","2023","05","685094","06","1","4","51","WA","6498","EBA","511225","001","03","2023-03-31","3","03","2023-03-31","3","03","2023-03-31","Belanja Tunj. PPh TNI/POLRI","9931364","");
INSERT INTO  realisasi VALUES("230917222216685094","230920161224685094","03","2023","05","685094","06","1","4","51","WA","6498","EBA","512411","001","03","2023-03-31","3","03","2023-03-31","3","03","2023-03-31","Belanja Pegawai (Tunjangan Khusus/Kegiatan/Kinerja)","820737371","");
INSERT INTO  realisasi VALUES("230917220952685094","230920160941685094","03","2023","05","685094","06","1","4","51","WA","6498","EBA","511232","001","03","2023-03-31","3","03","2023-03-31","3","03","2023-03-31","Belanja Tunj. Kowan/Polwan TNI TNI/POLRI","100000","");
INSERT INTO  realisasi VALUES("230917233624685094","230920162100685094","03","2023","05","685094","06","1","4","52","WA","6502","EBA","521119","002","03","2023-03-31","3","03","2023-03-31","3","03","2023-03-31","Dukungan Representasi","497700000","");
INSERT INTO  realisasi VALUES("230917232816685094","230920161600685094","03","2023","05","685094","06","1","4","52","WA","6499","EBA","524111","010","03","2023-03-31","3","03","2023-03-31","3","03","2023-03-31","PENYELENGGARAAN REKONSILIASI TERPUSAT SUN LK TNI AD","3200000","");
INSERT INTO  realisasi VALUES("230917233513685094","230920161904685094","03","2023","05","685094","06","1","4","52","WA","6502","EBA","521119","001","03","2023-03-31","3","03","2023-03-31","3","03","2023-03-31","Kodal","1897500000","");
INSERT INTO  realisasi VALUES("230917221630685094","230920161053685094","03","2023","05","685094","06","1","4","51","WA","6498","EBA","511244","001","03","2023-03-31","3","03","2023-03-31","3","03","2023-03-31","Belanja Tunjangan Umum TNI/Polri","1950000","");
INSERT INTO  realisasi VALUES("230926141408685094","230926144640685094","05","2023","05","685094","06","1","4","51","WA","6498","EBA","511172","001","05","2023-05-31","5","05","2023-05-31","5","05","2023-05-31","Belanja Tunj. Anak PNS TNI/Polri","120480","");
INSERT INTO  realisasi VALUES("230915120747685094","230921094756685094","04","2023","05","685094","06","1","4","51","WA","6498","EBA","511179","001","04","2023-04-30","4","04","2023-04-30","4","04","2023-04-30","Belanja Uang Makan PNS TNI/Polri ","2247000","");
INSERT INTO  realisasi VALUES("230915115259685094","230921091338685094","04","2023","05","685094","06","1","4","51","WA","6498","EBA","511169","001","04","2023-04-30","4","04","2023-04-30","4","04","2023-04-30","Belanja Pembulatan Gaji PNS TNI/Polri","375","");
INSERT INTO  realisasi VALUES("230915115635685094","230921092001685094","04","2023","05","685094","06","1","4","51","WA","6498","EBA","511171","001","04","2023-04-30","4","04","2023-04-30","4","04","2023-04-30","Belanja Tunj. Suami/Istri PNS TNI/Polri ","590180","");
INSERT INTO  realisasi VALUES("230919230649685094","230921091028685094","04","2023","05","685094","06","1","4","51","WA","6498","EBA","511161","001","04","2023-04-30","4","04","2023-04-30","4","04","2023-04-30","Belanja Gaji Pokok PNS TNI/Polri","17758400","");
INSERT INTO  realisasi VALUES("230915120528685094","230921092829685094","04","2023","05","685094","06","1","4","51","WA","6498","EBA","511176","001","04","2023-04-30","4","04","2023-04-30","4","04","2023-04-30","Belanja Tunj. Beras PNS TNI/Polri ","869040","");
INSERT INTO  realisasi VALUES("230917214617685094","230921095611685094","04","2023","05","685094","06","1","4","51","WA","6498","EBA","511221","001","04","2023-04-30","4","04","2023-04-30","4","04","2023-04-30","Belanja Tunj. Suami/Istri TNI/POLRI ","72870630","");
INSERT INTO  realisasi VALUES("230915120856685094","230921095003685094","04","2023","05","685094","06","1","4","51","WA","6498","EBA","511193","001","04","2023-04-30","4","04","2023-04-30","4","04","2023-04-30","Belanja Tunjangan Umum PNS TNI/Polr","1095000","");
INSERT INTO  realisasi VALUES("230915121917685094","230921095405685094","04","2023","05","685094","06","1","4","51","WA","6498","EBA","511219","001","04","2023-04-30","4","04","2023-04-30","4","04","2023-04-30","Belanja Pembulatan Gaji TNI/POLRI","7826","");
INSERT INTO  realisasi VALUES("230915121724685094","230921095219685094","04","2023","05","685094","06","1","4","51","WA","6498","EBA","511211","001","04","2023-04-30","4","04","2023-04-30","4","04","2023-04-30","Belanja Gaji Pokok TNI/POLRI","759326600","");
INSERT INTO  realisasi VALUES("230917215029685094","230921095827685094","04","2023","05","685094","06","1","4","51","WA","6498","EBA","511222","001","04","2023-04-30","4","04","2023-04-30","4","04","2023-04-30","Belanja Tunj. Anak TNI/Polri","17271080","");
INSERT INTO  realisasi VALUES("230917215238685094","230921100223685094","04","2023","05","685094","06","1","4","51","WA","6498","EBA","511223","001","04","2023-04-30","4","04","2023-04-30","4","04","2023-04-30","Belanja Tunj. Struktural TNI/POLRI","300475000","");
INSERT INTO  realisasi VALUES("230917220628685094","230921114649685094","04","2023","05","685094","06","1","4","51","WA","6498","EBA","511228","001","04","2023-04-30","4","04","2023-04-30","4","04","2023-04-30","Belanja Tunj. Lauk pauk TNI/POLRI ","168960000","");
INSERT INTO  realisasi VALUES("230917215504685094","230921100440685094","04","2023","05","685094","06","1","4","51","WA","6498","EBA","511225","001","04","2023-04-30","4","04","2023-04-30","4","04","2023-04-30","Belanja Tunj. PPh TNI/POLRI","38841591","");
INSERT INTO  realisasi VALUES("230917221630685094","230921115013685094","04","2023","05","685094","06","1","4","51","WA","6498","EBA","511244","001","04","2023-04-30","4","04","2023-04-30","4","04","2023-04-30","Belanja Tunjangan Umum TNI/Polri","4500000","");
INSERT INTO  realisasi VALUES("230917220952685094","230921114848685094","04","2023","05","685094","06","1","4","51","WA","6498","EBA","511232","001","04","2023-04-30","4","04","2023-04-30","4","04","2023-04-30","Belanja Tunj. Kowan/Polwan TNI TNI/POLRI","100000","");
INSERT INTO  realisasi VALUES("230917220122685094","230921114447685094","04","2023","05","685094","06","1","4","51","WA","6498","EBA","511226","001","04","2023-04-30","4","04","2023-04-30","4","04","2023-04-30","Belanja Tunj. Beras TNI/POLRI ","50143608","");
INSERT INTO  realisasi VALUES("230917225347685094","230921115600685094","04","2023","05","685094","06","1","4","52","WA","6498","EBA","521115","019","04","2023-04-30","4","04","2023-04-30","4","04","2023-04-30","Honor BP","950000","");
INSERT INTO  realisasi VALUES("230917225808685094","230921121051685094","04","2023","05","685094","06","1","4","52","WA","6498","EBA","521115","016","04","2023-04-30","4","04","2023-04-30","4","04","2023-04-30","HONOR BPP","450000","");
INSERT INTO  realisasi VALUES("230917225621685094","230921115751685094","04","2023","05","685094","06","1","4","52","WA","6498","EBA","521115","014","04","2023-04-30","4","04","2023-04-30","4","04","2023-04-30","Honor Ppspm","1300000","");
INSERT INTO  realisasi VALUES("230917222216685094","230921115155685094","04","2023","05","685094","06","1","4","51","WA","6498","EBA","512411","001","04","2023-04-30","4","04","2023-04-30","4","04","2023-04-30","Belanja Pegawai (Tunjangan Khusus/Kegiatan/Kinerja)","1215055057","");
INSERT INTO  realisasi VALUES("230917223541685094","230921115401685094","04","2023","05","685094","03","1","4","52","WA","6498","EBA","524111","016","04","2023-04-30","4","04","2023-04-30","4","04","2023-04-30","BPD MUTASI THP I","96789000","");
INSERT INTO  realisasi VALUES("230918141524685094","230921122354685094","05","2023","05","685094","06","1","4","52","KA","1454","ABE","524111","006","05","2023-05-31","5","05","2023-05-31","5","05","2023-05-31","BELANJA PERJALANAN DINAS BIASA","1424000000","");
INSERT INTO  realisasi VALUES("230917225913685094","230921121250685094","04","2023","05","685094","06","1","4","52","WA","6498","EBA","521115","017","04","2023-04-30","4","04","2023-04-30","4","04","2023-04-30","HONOR KPA","2300000","");
INSERT INTO  realisasi VALUES("230917225715685094","230921115919685094","04","2023","05","685094","06","1","4","52","WA","6498","EBA","521115","015","04","2023-04-30","4","04","2023-04-30","4","04","2023-04-30","Honor Ppabp","950000","");
INSERT INTO  realisasi VALUES("230918140941685094","230921121919685094","05","2023","05","685094","06","1","4","52","KA","1454","ABE","521213","003","05","2023-05-31","5","05","2023-05-31","5","05","2023-05-31","BELANJA HONOR OUTPUT KEGIATAN","66200000","");
INSERT INTO  realisasi VALUES("230915115259685094","230921142241685094","05","2023","05","685094","06","1","4","51","WA","6498","EBA","511169","001","05","2023-05-31","5","05","2023-05-31","5","05","2023-05-31","Belanja Pembulatan Gaji PNS TNI/Polri","167","");
INSERT INTO  realisasi VALUES("230926141408685094","230926144254685094","04","2023","05","685094","06","1","4","51","WA","6498","EBA","511172","001","04","2023-04-30","4","04","2023-04-30","4","04","2023-04-30","Belanja Tunj. Anak PNS TNI/Polri","236072","");
INSERT INTO  realisasi VALUES("230919230649685094","230921142013685094","05","2023","05","685094","06","1","4","51","WA","6498","EBA","511161","001","05","2023-05-31","5","05","2023-05-31","5","05","2023-05-31","Belanja Gaji Pokok PNS TNI/Polri","8940300","");
INSERT INTO  realisasi VALUES("230917233624685094","230921121552685094","04","2023","05","685094","06","1","4","52","WA","6502","EBA","521119","002","04","2023-04-30","4","04","2023-04-30","4","04","2023-04-30","Dukungan Representasi","497700000","");
INSERT INTO  realisasi VALUES("230917233513685094","230921121433685094","04","2023","05","685094","06","1","4","52","WA","6502","EBA","521119","001","04","2023-04-30","4","04","2023-04-30","4","04","2023-04-30","Kodal","645000000","");
INSERT INTO  realisasi VALUES("230915115635685094","230921142451685094","05","2023","05","685094","06","1","4","51","WA","6498","EBA","511171","001","05","2023-05-31","5","05","2023-05-31","5","05","2023-05-31","Belanja Tunj. Suami/Istri PNS TNI/Polri ","301200","");
INSERT INTO  realisasi VALUES("230915120747685094","230921143419685094","05","2023","05","685094","06","1","4","51","WA","6498","EBA","511179","001","05","2023-05-31","5","05","2023-05-31","5","05","2023-05-31","Belanja Uang Makan PNS TNI/Polri ","1526000","");
INSERT INTO  realisasi VALUES("230915120528685094","230921143206685094","05","2023","05","685094","06","1","4","51","WA","6498","EBA","511176","001","05","2023-05-31","5","05","2023-05-31","5","05","2023-05-31","Belanja Tunj. Beras PNS TNI/Polri ","434520","");
INSERT INTO  realisasi VALUES("230917215029685094","230921145853685094","05","2023","05","685094","06","1","4","51","WA","6498","EBA","511222","001","05","2023-05-31","5","05","2023-05-31","5","05","2023-05-31","Belanja Tunj. Anak TNI/Polri","7408284","");
INSERT INTO  realisasi VALUES("230915120856685094","230921144834685094","05","2023","05","685094","06","1","4","51","WA","6498","EBA","511193","001","05","2023-05-31","5","05","2023-05-31","5","05","2023-05-31","Belanja Tunjangan Umum PNS TNI/Polr","550000","");
INSERT INTO  realisasi VALUES("230915121724685094","230921145139685094","05","2023","05","685094","06","1","4","51","WA","6498","EBA","511211","001","05","2023-05-31","5","05","2023-05-31","5","05","2023-05-31","Belanja Gaji Pokok TNI/POLRI","326744700","");
INSERT INTO  realisasi VALUES("230917215238685094","230921150058685094","05","2023","05","685094","06","1","4","51","WA","6498","EBA","511223","001","05","2023-05-31","5","05","2023-05-31","5","05","2023-05-31","Belanja Tunj. Struktural TNI/POLRI","116570000","");
INSERT INTO  realisasi VALUES("230917214617685094","230921145605685094","05","2023","05","685094","06","1","4","51","WA","6498","EBA","511221","001","05","2023-05-31","5","05","2023-05-31","5","05","2023-05-31","Belanja Tunj. Suami/Istri TNI/POLRI ","31135920","");
INSERT INTO  realisasi VALUES("230915121917685094","230921145410685094","05","2023","05","685094","06","1","4","51","WA","6498","EBA","511219","001","05","2023-05-31","5","05","2023-05-31","5","05","2023-05-31","Belanja Pembulatan Gaji TNI/POLRI","2809","");
INSERT INTO  realisasi VALUES("230917215504685094","230921150319685094","05","2023","05","685094","06","1","4","51","WA","6498","EBA","511225","001","05","2023-05-31","5","05","2023-05-31","5","05","2023-05-31","Belanja Tunj. PPh TNI/POLRI","5869221","");
INSERT INTO  realisasi VALUES("230917221630685094","230921151715685094","05","2023","05","685094","06","1","4","51","WA","6498","EBA","511244","001","05","2023-05-31","5","05","2023-05-31","5","05","2023-05-31","Belanja Tunjangan Umum TNI/Polri","2250000","");
INSERT INTO  realisasi VALUES("230917220122685094","230921150552685094","05","2023","05","685094","06","1","4","51","WA","6498","EBA","511226","001","05","2023-05-31","5","05","2023-05-31","5","05","2023-05-31","Belanja Tunj. Beras TNI/POLRI ","21899808","");
INSERT INTO  realisasi VALUES("230917220628685094","230921151345685094","05","2023","05","685094","06","1","4","51","WA","6498","EBA","511228","001","05","2023-05-31","5","05","2023-05-31","5","05","2023-05-31","Belanja Tunj. Lauk pauk TNI/POLRI ","140400000","");
INSERT INTO  realisasi VALUES("230917233513685094","230921152252685094","05","2023","05","685094","06","1","4","52","WA","6502","EBA","521119","001","05","2023-05-31","5","05","2023-05-31","5","05","2023-05-31","Kodal","644000000","");
INSERT INTO  realisasi VALUES("230915115259685094","230921154631685094","06","2023","05","685094","06","1","4","51","WA","6498","EBA","511169","001","06","2023-06-30","6","06","2023-06-30","6","06","2023-06-30","Belanja Pembulatan Gaji PNS TNI/Polri","367","");
INSERT INTO  realisasi VALUES("230917220952685094","230921151533685094","05","2023","05","685094","06","1","4","51","WA","6498","EBA","511232","001","05","2023-05-31","5","05","2023-05-31","5","05","2023-05-31","Belanja Tunj. Kowan/Polwan TNI TNI/POLRI","100000","");
INSERT INTO  realisasi VALUES("230917222216685094","230921151936685094","05","2023","05","685094","06","1","4","51","WA","6498","EBA","512411","001","05","2023-05-31","5","05","2023-05-31","5","05","2023-05-31","Belanja Pegawai (Tunjangan Khusus/Kegiatan/Kinerja)","1414972070","");
INSERT INTO  realisasi VALUES("230919230649685094","230921154447685094","06","2023","05","685094","06","1","4","51","WA","6498","EBA","511161","001","06","2023-06-30","6","06","2023-06-30","6","06","2023-06-30","Belanja Gaji Pokok PNS TNI/Polri","17880600","");
INSERT INTO  realisasi VALUES("230917234135685094","230921154123685094","06","2023","05","685094","06","1","4","52","KA","1454","ABE","521211","005","06","2023-06-30","6","06","2023-06-30","6","06","2023-06-30","BELANJA BAHAN (ANALISA KEBIJAKAN)","109800000","");
INSERT INTO  realisasi VALUES("230915115635685094","230921154807685094","06","2023","05","685094","06","1","4","51","WA","6498","EBA","511171","001","06","2023-06-30","6","06","2023-06-30","6","06","2023-06-30","Belanja Tunj. Suami/Istri PNS TNI/Polri ","602400","");
INSERT INTO  realisasi VALUES("230926141408685094","230926144000685094","03","2023","05","685094","06","1","4","51","WA","6498","EBA","511172","001","03","2023-03-31","3","03","2023-03-31","3","03","2023-03-31","Belanja Tunj. Anak PNS TNI/Polri","115592","");
INSERT INTO  realisasi VALUES("230915120747685094","230921160756685094","06","2023","05","685094","06","1","4","51","WA","6498","EBA","511179","001","06","2023-06-30","6","06","2023-06-30","6","06","2023-06-30","Belanja Uang Makan PNS TNI/Polri ","2289000","");
INSERT INTO  realisasi VALUES("230915120856685094","230921161109685094","06","2023","05","685094","06","1","4","51","WA","6498","EBA","511193","001","06","2023-06-30","6","06","2023-06-30","6","06","2023-06-30","Belanja Tunjangan Umum PNS TNI/Polr","1100000","");
INSERT INTO  realisasi VALUES("230915121917685094","230921161448685094","06","2023","05","685094","06","1","4","51","WA","6498","EBA","511219","001","06","2023-06-30","6","06","2023-06-30","6","06","2023-06-30","Belanja Pembulatan Gaji TNI/POLRI","8022","");
INSERT INTO  realisasi VALUES("230915120528685094","230921155604685094","06","2023","05","685094","06","1","4","51","WA","6498","EBA","511176","001","06","2023-06-30","6","06","2023-06-30","6","06","2023-06-30","Belanja Tunj. Beras PNS TNI/Polri ","869040","");
INSERT INTO  realisasi VALUES("230915121724685094","230921161254685094","06","2023","05","685094","06","1","4","51","WA","6498","EBA","511211","001","06","2023-06-30","6","06","2023-06-30","6","06","2023-06-30","Belanja Gaji Pokok TNI/POLRI","707637900","");
INSERT INTO  realisasi VALUES("230917214617685094","230921162541685094","06","2023","05","685094","06","1","4","51","WA","6498","EBA","511221","001","06","2023-06-30","6","06","2023-06-30","6","06","2023-06-30","Belanja Tunj. Suami/Istri TNI/POLRI ","67455840","");
INSERT INTO  realisasi VALUES("230917215029685094","230921162801685094","06","2023","05","685094","06","1","4","51","WA","6498","EBA","511222","001","06","2023-06-30","6","06","2023-06-30","6","06","2023-06-30","Belanja Tunj. Anak TNI/Polri","16281364","");
INSERT INTO  realisasi VALUES("230917215238685094","230921162944685094","06","2023","05","685094","06","1","4","51","WA","6498","EBA","511223","001","06","2023-06-30","6","06","2023-06-30","6","06","2023-06-30","Belanja Tunj. Struktural TNI/POLRI","281840000","");
INSERT INTO  realisasi VALUES("230917220122685094","230921163345685094","06","2023","05","685094","06","1","4","51","WA","6498","EBA","511226","001","06","2023-06-30","6","06","2023-06-30","6","06","2023-06-30","Belanja Tunj. Beras TNI/POLRI ","47044032","");
INSERT INTO  realisasi VALUES("230917215504685094","230921163147685094","06","2023","05","685094","06","1","4","51","WA","6498","EBA","511225","001","06","2023-06-30","6","06","2023-06-30","6","06","2023-06-30","Belanja Tunj. PPh TNI/POLRI","35855197","");
INSERT INTO  realisasi VALUES("230917224455685094","230921164307685094","06","2023","05","685094","04","1","4","52","WA","6498","EBA","521811","004","06","2023-06-30","6","06","2023-06-30","6","06","2023-06-30","ATK","404064000","");
INSERT INTO  realisasi VALUES("230917220628685094","230921163521685094","06","2023","05","685094","06","1","4","51","WA","6498","EBA","511228","001","06","2023-06-30","6","06","2023-06-30","6","06","2023-06-30","Belanja Tunj. Lauk pauk TNI/POLRI ","156060000","");
INSERT INTO  realisasi VALUES("230917221630685094","230921163916685094","06","2023","05","685094","06","1","4","51","WA","6498","EBA","511244","001","06","2023-06-30","6","06","2023-06-30","6","06","2023-06-30","Belanja Tunjangan Umum TNI/Polri","4350000","");
INSERT INTO  realisasi VALUES("230917220952685094","230921163704685094","06","2023","05","685094","06","1","4","51","WA","6498","EBA","511232","001","06","2023-06-30","6","06","2023-06-30","6","06","2023-06-30","Belanja Tunj. Kowan/Polwan TNI TNI/POLRI","200000","");
INSERT INTO  realisasi VALUES("230917222216685094","230921164053685094","06","2023","05","685094","06","1","4","51","WA","6498","EBA","512411","001","06","2023-06-30","6","06","2023-06-30","6","06","2023-06-30","Belanja Pegawai (Tunjangan Khusus/Kegiatan/Kinerja)","1152829649","");
INSERT INTO  realisasi VALUES("230918142254685094","230924194052685094","07","2023","05","685094","06","1","4","52","WA","6498","ABE","521219","001","07","2023-07-31","7","07","2023-07-31","7","07","2023-07-31","BELANJA BARANG NON OPERASIONAL LAINNYA","100840000","");
INSERT INTO  realisasi VALUES("230917235310685094","230924193812685094","07","2023","05","685094","06","1","4","52","WA","6498","ABE","521211","001","07","2023-07-31","7","07","2023-07-31","7","07","2023-07-31","BELANJA BAHAN (KAJIAN LAINNYA)","57185000","");
INSERT INTO  realisasi VALUES("230918142631685094","230924194325685094","07","2023","05","685094","06","1","4","52","WA","6498","ABE","524111","002","07","2023-07-31","7","07","2023-07-31","7","07","2023-07-31","BELANJA PERJALANAN DINAS BIASA","66375000","");
INSERT INTO  realisasi VALUES("230915115259685094","230924201430685094","07","2023","05","685094","06","1","4","51","WA","6498","EBA","511169","001","07","2023-07-31","7","07","2023-07-31","7","07","2023-07-31","Belanja Pembulatan Gaji PNS TNI/Polri","167","");
INSERT INTO  realisasi VALUES("230917233513685094","230921164529685094","06","2023","05","685094","06","1","4","52","WA","6502","EBA","521119","001","06","2023-06-30","6","06","2023-06-30","6","06","2023-06-30","Kodal","644000000","");
INSERT INTO  realisasi VALUES("230915115635685094","230924201607685094","07","2023","05","685094","06","1","4","51","WA","6498","EBA","511171","001","07","2023-07-31","7","07","2023-07-31","7","07","2023-07-31","Belanja Tunj. Suami/Istri PNS TNI/Polri ","301200","");
INSERT INTO  realisasi VALUES("230926141408685094","230926142307685094","01","2023","05","685094","06","1","4","51","WA","6498","EBA","511172","001","01","2023-01-31","1","01","2023-01-31","1","01","2023-01-31","Belanja Tunj. Anak PNS TNI/Polri","472144","");
INSERT INTO  realisasi VALUES("230915120528685094","230924202048685094","07","2023","05","685094","06","1","4","51","WA","6498","EBA","511176","001","07","2023-07-31","7","07","2023-07-31","7","07","2023-07-31","Belanja Tunj. Beras PNS TNI/Polri ","434520","");
INSERT INTO  realisasi VALUES("230919230649685094","230924201219685094","07","2023","05","685094","06","1","4","51","WA","6498","EBA","511161","001","07","2023-07-31","7","07","2023-07-31","7","07","2023-07-31","Belanja Gaji Pokok PNS TNI/Polri","8940300","");
INSERT INTO  realisasi VALUES("230915120856685094","230924202712685094","07","2023","05","685094","06","1","4","51","WA","6498","EBA","511193","001","07","2023-07-31","7","07","2023-07-31","7","07","2023-07-31","Belanja Tunjangan Umum PNS TNI/Polr","550000","");
INSERT INTO  realisasi VALUES("230915121724685094","230924203122685094","07","2023","05","685094","06","1","4","51","WA","6498","EBA","511211","001","07","2023-07-31","7","07","2023-07-31","7","07","2023-07-31","Belanja Gaji Pokok TNI/POLRI","383758600","");
INSERT INTO  realisasi VALUES("230915120747685094","230924202451685094","07","2023","05","685094","06","1","4","51","WA","6498","EBA","511179","001","07","2023-07-31","7","07","2023-07-31","7","07","2023-07-31","Belanja Uang Makan PNS TNI/Polri ","1853000","");
INSERT INTO  realisasi VALUES("230917214617685094","230924203509685094","07","2023","05","685094","06","1","4","51","WA","6498","EBA","511221","001","07","2023-07-31","7","07","2023-07-31","7","07","2023-07-31","Belanja Tunj. Suami/Istri TNI/POLRI ","36600950","");
INSERT INTO  realisasi VALUES("230915121917685094","230924203325685094","07","2023","05","685094","06","1","4","51","WA","6498","EBA","511219","001","07","2023-07-31","7","07","2023-07-31","7","07","2023-07-31","Belanja Pembulatan Gaji TNI/POLRI","3304","");
INSERT INTO  realisasi VALUES("230917215029685094","230924203708685094","07","2023","05","685094","06","1","4","51","WA","6498","EBA","511222","001","07","2023-07-31","7","07","2023-07-31","7","07","2023-07-31","Belanja Tunj. Anak TNI/Polri","8546418","");
INSERT INTO  realisasi VALUES("230917215238685094","230924203921685094","07","2023","05","685094","06","1","4","51","WA","6498","EBA","511223","001","07","2023-07-31","7","07","2023-07-31","7","07","2023-07-31","Belanja Tunj. Struktural TNI/POLRI","162920000","");
INSERT INTO  realisasi VALUES("230917215504685094","230924204059685094","07","2023","05","685094","06","1","4","51","WA","6498","EBA","511225","001","07","2023-07-31","7","07","2023-07-31","7","07","2023-07-31","Belanja Tunj. PPh TNI/POLRI","8419112","");
INSERT INTO  realisasi VALUES("230917222216685094","230924204837685094","07","2023","05","685094","06","1","4","51","WA","6498","EBA","512411","001","07","2023-07-31","7","07","2023-07-31","7","07","2023-07-31","Belanja Pegawai (Tunjangan Khusus/Kegiatan/Kinerja)","971720194","");
INSERT INTO  realisasi VALUES("230917220952685094","230924204545685094","07","2023","05","685094","06","1","4","51","WA","6498","EBA","511232","001","07","2023-07-31","7","07","2023-07-31","7","07","2023-07-31","Belanja Tunj. Kowan/Polwan TNI TNI/POLRI","150000","");
INSERT INTO  realisasi VALUES("230917220122685094","230924204227685094","07","2023","05","685094","06","1","4","51","WA","6498","EBA","511226","001","07","2023-07-31","7","07","2023-07-31","7","07","2023-07-31","Belanja Tunj. Beras TNI/POLRI ","24854544","");
INSERT INTO  realisasi VALUES("230917220628685094","230924204406685094","07","2023","05","685094","06","1","4","51","WA","6498","EBA","511228","001","07","2023-07-31","7","07","2023-07-31","7","07","2023-07-31","Belanja Tunj. Lauk pauk TNI/POLRI ","165540000","");
INSERT INTO  realisasi VALUES("230917222912685094","230924205012685094","07","2023","05","685094","03","1","4","52","WA","6498","EBA","521115","001","07","2023-07-31","7","07","2023-07-31","7","07","2023-07-31","Belanja Honor Operasional Satuan Kerja","600000","");
INSERT INTO  realisasi VALUES("230917221630685094","230924204708685094","07","2023","05","685094","06","1","4","51","WA","6498","EBA","511244","001","07","2023-07-31","7","07","2023-07-31","7","07","2023-07-31","Belanja Tunjangan Umum TNI/Polri","2100000","");
INSERT INTO  realisasi VALUES("230917224053685094","230924205317685094","07","2023","05","685094","03","1","4","52","WA","6498","EBA","521211","022","07","2023-07-31","7","07","2023-07-31","7","07","2023-07-31","SIDANG PANGKAT MILITER","1400000","");
INSERT INTO  realisasi VALUES("230917224857685094","230924205622685094","07","2023","05","685094","06","1","4","52","WA","6498","EBA","521211","036","07","2023-07-31","7","07","2023-07-31","7","07","2023-07-31","Penyusunan Laporan Kinerja Instansi Pemerintahan (LKIP) Satker","1000000","");
INSERT INTO  realisasi VALUES("230917223922685094","230924205204685094","07","2023","05","685094","03","1","4","52","WA","6498","EBA","521211","021","07","2023-07-31","7","07","2023-07-31","7","07","2023-07-31","SIDANG JABATAN MILITER","1800000","");
INSERT INTO  realisasi VALUES("230917224455685094","230924205433685094","07","2023","05","685094","04","1","4","52","WA","6498","EBA","521811","004","07","2023-07-31","7","07","2023-07-31","7","07","2023-07-31","ATK","66240000","");
INSERT INTO  realisasi VALUES("230917225347685094","230924211400685094","07","2023","05","685094","06","1","4","52","WA","6498","EBA","521115","019","07","2023-07-31","7","07","2023-07-31","7","07","2023-07-31","Honor BP","950000","");
INSERT INTO  realisasi VALUES("230917225131685094","230924205756685094","07","2023","05","685094","06","1","4","52","WA","6498","EBA","521211","042","07","2023-07-31","7","07","2023-07-31","7","07","2023-07-31","Penyusunan Perjanjian Kinerja Satker","1000000","");
INSERT INTO  realisasi VALUES("230917225231685094","230924211209685094","07","2023","05","685094","06","1","4","52","WA","6498","EBA","521211","045","07","2023-07-31","7","07","2023-07-31","7","07","2023-07-31","Revisi Perjanjian Kinerja Satker","1000000","");
INSERT INTO  realisasi VALUES("230917225808685094","230924211940685094","07","2023","05","685094","06","1","4","52","WA","6498","EBA","521115","016","07","2023-07-31","7","07","2023-07-31","7","07","2023-07-31","HONOR BPP","450000","");
INSERT INTO  realisasi VALUES("230917225506685094","230924211517685094","07","2023","05","685094","06","1","4","52","WA","6498","EBA","521115","020","07","2023-07-31","7","07","2023-07-31","7","07","2023-07-31","Honor SAK","3000000","");
INSERT INTO  realisasi VALUES("230917225621685094","230924211641685094","07","2023","05","685094","06","1","4","52","WA","6498","EBA","521115","014","07","2023-07-31","7","07","2023-07-31","7","07","2023-07-31","Honor Ppspm","1300000","");
INSERT INTO  realisasi VALUES("230917225715685094","230924211816685094","07","2023","05","685094","06","1","4","52","WA","6498","EBA","521115","015","07","2023-07-31","7","07","2023-07-31","7","07","2023-07-31","Honor Ppabp","950000","");
INSERT INTO  realisasi VALUES("230917225913685094","230924212048685094","07","2023","05","685094","06","1","4","52","WA","6498","EBA","521115","017","07","2023-07-31","7","07","2023-07-31","7","07","2023-07-31","HONOR KPA","2300000","");
INSERT INTO  realisasi VALUES("230917230348685094","230924212308685094","07","2023","05","685094","06","1","4","52","WA","6498","EBA","521111","014","07","2023-07-31","7","07","2023-07-31","7","07","2023-07-31","PEMBANGUNAN WTRB","5000000","");
INSERT INTO  realisasi VALUES("230917230145685094","230924212156685094","07","2023","05","685094","06","1","4","52","WA","6498","EBA","521111","009","07","2023-07-31","7","07","2023-07-31","7","07","2023-07-31","Pelaksanaan RB Tk Pusat","5000000","");
INSERT INTO  realisasi VALUES("230917225030685094","231003113926685094","09","2023","05","685094","06","1","4","52","WA","6498","EBA","521211","039","09","2023-09-30","9","09","2023-09-30","9","09","2023-09-30","Penyusunan Laporan Kinerja (LKJ) Satker","2000000","");
INSERT INTO  realisasi VALUES("230917231214685094","230924212453685094","07","2023","05","685094","06","1","4","52","WA","6499","EBA","521211","018","07","2023-07-31","7","07","2023-07-31","7","07","2023-07-31","Rancangan Awal Renja Kotama atau Balakpus 2024","20000000","");
INSERT INTO  realisasi VALUES("230917230949685094","231003114204685094","09","2023","05","685094","06","1","4","52","WA","6499","EBA","521211","065","09","2023-09-30","9","09","2023-09-30","9","09","2023-09-30","Rekkon Intern Renproggar (Belanja Bahan)","25000000","");
INSERT INTO  realisasi VALUES("230917231824685094","231003114333685094","09","2023","05","685094","06","1","4","52","WA","6499","EBA","521211","030","09","2023-09-30","9","09","2023-09-30","9","09","2023-09-30","RKA Kotama atau Balakpus TA 2024","50000000","");
INSERT INTO  realisasi VALUES("230917232202685094","231003114453685094","09","2023","05","685094","06","1","4","52","WA","6499","EBA","521211","074","09","2023-09-30","9","09","2023-09-30","9","09","2023-09-30","Penyusunan Laporan Evaluasi Progjagar Satker (Belanja Bahan)","1500000","");
INSERT INTO  realisasi VALUES("230917230728685094","231003114054685094","09","2023","05","685094","06","1","4","52","WA","6498","EBA","521111","006","09","2023-09-30","9","09","2023-09-30","9","09","2023-09-30","Penyusunan Renbut Lima Tahunan Satker","16000000","");
INSERT INTO  realisasi VALUES("230917233513685094","231003114824685094","09","2023","05","685094","06","1","4","52","WA","6502","EBA","521119","001","09","2023-09-30","9","09","2023-09-30","9","09","2023-09-30","Kodal","608500000","");
INSERT INTO  realisasi VALUES("230917232338685094","231003114602685094","09","2023","05","685094","06","1","4","52","WA","6499","EBA","521211","054","09","2023-09-30","9","09","2023-09-30","9","09","2023-09-30","Penyusunan Lapdallakrenbang Satker","1000000","");
INSERT INTO  realisasi VALUES("230915120856685094","231102154710685094","10","2023","05","685094","06","1","4","51","WA","6498","EBA","511193","001","010","2023-10-31","10","010","2023-10-31","10","010","2023-10-31","Belanja Tunjangan Umum PNS TNI/Polr","550000","");
INSERT INTO  realisasi VALUES("230915120528685094","231102154416685094","10","2023","05","685094","06","1","4","51","WA","6498","EBA","511176","001","010","2023-10-31","10","010","2023-10-31","10","010","2023-10-31","Belanja Tunj. Beras PNS TNI/Polri ","434520","");
INSERT INTO  realisasi VALUES("230915120747685094","231102154549685094","10","2023","05","685094","06","1","4","51","WA","6498","EBA","511179","001","010","2023-10-31","10","010","2023-10-31","10","010","2023-10-31","Belanja Uang Makan PNS TNI/Polri ","2180000","");
INSERT INTO  realisasi VALUES("230926141408685094","231102154235685094","10","2023","05","685094","06","1","4","51","WA","6498","EBA","511172","001","010","2023-10-31","10","010","2023-10-31","10","010","2023-10-31","Belanja Tunj. Anak PNS TNI/Polri","120480","");
INSERT INTO  realisasi VALUES("230915121724685094","231102154823685094","10","2023","05","685094","06","1","4","51","WA","6498","EBA","511211","001","010","2023-10-31","10","010","2023-10-31","10","010","2023-10-31","Belanja Gaji Pokok TNI/POLRI","347631800","");
INSERT INTO  realisasi VALUES("230915121917685094","231102155456685094","10","2023","05","685094","06","1","4","51","WA","6498","EBA","511219","001","010","2023-10-31","10","010","2023-10-31","10","010","2023-10-31","Belanja Pembulatan Gaji TNI/POLRI","3689","");
INSERT INTO  realisasi VALUES("230917214617685094","231102155622685094","10","2023","05","685094","06","1","4","51","WA","6498","EBA","511221","001","010","2023-10-31","10","010","2023-10-31","10","010","2023-10-31","Belanja Tunj. Suami/Istri TNI/POLRI ","32232280","");
INSERT INTO  realisasi VALUES("230917215238685094","231102155922685094","10","2023","05","685094","06","1","4","51","WA","6498","EBA","511223","001","010","2023-10-31","10","010","2023-10-31","10","010","2023-10-31","Belanja Tunj. Struktural TNI/POLRI","133385000","");
INSERT INTO  realisasi VALUES("230917215504685094","231102160235685094","10","2023","05","685094","06","1","4","51","WA","6498","EBA","511225","001","010","2023-10-31","10","010","2023-10-31","10","010","2023-10-31","Belanja Tunj. PPh TNI/POLRI","6733546","");
INSERT INTO  realisasi VALUES("230917215029685094","231102155805685094","10","2023","05","685094","06","1","4","51","WA","6498","EBA","511222","001","010","2023-10-31","10","010","2023-10-31","10","010","2023-10-31","Belanja Tunj. Anak TNI/Polri","8222064","");
INSERT INTO  realisasi VALUES("230917220628685094","231106091824685094","10","2023","05","685094","06","1","4","51","WA","6498","EBA","511228","001","010","2023-10-31","10","10","2023-10-31","10","010","2023-10-31","Belanja Tunj. Lauk pauk TNI/POLRI ","154860000","");
INSERT INTO  realisasi VALUES("230917220122685094","231102160401685094","10","2023","05","685094","06","1","4","51","WA","6498","EBA","511226","001","010","2023-10-31","10","010","2023-10-31","10","010","2023-10-31","Belanja Tunj. Beras TNI/POLRI ","23811696","");
INSERT INTO  realisasi VALUES("230917222216685094","231106100443685094","10","2023","05","685094","06","1","4","51","WA","6498","EBA","512411","001","010","2023-10-31","10","010","2023-10-31","10","010","2023-10-31","Belanja Pegawai (Tunjangan Khusus/Kegiatan/Kinerja)","823731202","");
INSERT INTO  realisasi VALUES("230917221630685094","231106095417685094","10","2023","05","685094","06","1","4","51","WA","6498","EBA","511244","001","010","2023-10-31","10","010","2023-10-31","10","010","2023-10-31","Belanja Tunjangan Umum TNI/Polri","2475000","");
INSERT INTO  realisasi VALUES("230917220952685094","231106092443685094","10","2023","05","685094","06","1","4","51","WA","6498","EBA","511232","001","010","2023-10-31","10","010","2023-10-31","10","010","2023-10-31","Belanja Tunj. Kowan/Polwan TNI TNI/POLRI","150000","");
INSERT INTO  realisasi VALUES("230917225347685094","231106100818685094","10","2023","05","685094","06","1","4","52","WA","6498","EBA","521115","019","010","2023-10-31","10","010","2023-10-31","10","010","2023-10-31","Honor BP","950000","");
INSERT INTO  realisasi VALUES("230917224455685094","231106100649685094","10","2023","05","685094","04","1","4","52","WA","6498","EBA","521811","004","010","2023-10-31","10","010","2023-10-31","10","010","2023-10-31","ATK","79488000","");
INSERT INTO  realisasi VALUES("230917225621685094","231106101338685094","10","2023","05","685094","06","1","4","52","WA","6498","EBA","521115","014","010","2023-10-31","10","010","2023-10-31","10","010","2023-10-31","Honor Ppspm","1300000","");
INSERT INTO  realisasi VALUES("230917225506685094","231106101228685094","10","2023","05","685094","06","1","4","52","WA","6498","EBA","521115","020","010","2023-10-31","10","010","2023-10-31","10","010","2023-10-31","Honor SAK","1500000","");
INSERT INTO  realisasi VALUES("230917225808685094","231106101640685094","10","2023","05","685094","06","1","4","52","WA","6498","EBA","521115","016","010","2023-10-31","10","010","2023-10-31","10","010","2023-10-31","HONOR BPP","450000","");
INSERT INTO  realisasi VALUES("230917225715685094","231106101528685094","10","2023","05","685094","06","1","4","52","WA","6498","EBA","521115","015","010","2023-10-31","10","010","2023-10-31","10","010","2023-10-31","Honor Ppabp","950000","");
INSERT INTO  realisasi VALUES("230917225913685094","231106101745685094","10","2023","05","685094","06","1","4","52","WA","6498","EBA","521115","017","010","2023-10-31","10","010","2023-10-31","10","010","2023-10-31","HONOR KPA","2300000","");
INSERT INTO  realisasi VALUES("230917234135685094","231114121254685094","09","2023","05","685094","06","1","4","52","KA","1454","ABE","521211","005","09","2023-09-30","9","09","2023-09-30","9","09","2023-09-30","BELANJA BAHAN (ANALISA KEBIJAKAN)","57600000","");
INSERT INTO  realisasi VALUES("230918141524685094","231114132311685094","10","2023","05","685094","06","1","4","52","KA","1454","ABE","524111","006","010","2023-10-31","10","010","2023-10-31","10","010","2023-10-31","BELANJA PERJALANAN DINAS BIASA","712000000","");
INSERT INTO  realisasi VALUES("230917235310685094","231114132448685094","10","2023","05","685094","06","1","4","52","WA","6498","ABE","521211","001","010","2023-10-31","10","010","2023-10-31","10","010","2023-10-31","BELANJA BAHAN (KAJIAN LAINNYA)","41210000","");
INSERT INTO  realisasi VALUES("230918142058685094","231114132603685094","10","2023","05","685094","06","1","4","52","WA","6498","ABE","521213","002","010","2023-10-31","10","010","2023-10-31","10","010","2023-10-31","BELANJA HONOR OUTPUT KEGIATAN","7000000","");
INSERT INTO  realisasi VALUES("230918142254685094","231114132724685094","10","2023","05","685094","06","1","4","52","WA","6498","ABE","521219","001","010","2023-10-31","10","010","2023-10-31","10","010","2023-10-31","BELANJA BARANG NON OPERASIONAL LAINNYA","49790000","");
INSERT INTO  realisasi VALUES("230918142631685094","231114132843685094","10","2023","05","685094","06","1","4","52","WA","6498","ABE","524111","002","010","2023-10-31","10","010","2023-10-31","10","010","2023-10-31","BELANJA PERJALANAN DINAS BIASA","306866000","");
INSERT INTO  realisasi VALUES("230917233624685094","231114134654685094","10","2023","05","685094","06","1","4","52","WA","6502","EBA","521119","002","010","2023-10-31","10","010","2023-10-31","10","010","2023-10-31","Dukungan Representasi","497700000","");



DELETE FROM  realisasix where kdkotama=05;

INSERT INTO  realisasix VALUES("230926141408685094","06","2023","05","685094","06","1","4","51","WA","6498","EBA","511172","001","06","2023-06-30","6","06","2023-06-30","6","06","2023-06-30","Belanja Tunj. Anak PNS TNI/Polri","240960","0");
INSERT INTO  realisasix VALUES("230926141408685094","05","2023","05","685094","06","1","4","51","WA","6498","EBA","511172","001","05","2023-05-31","5","05","2023-05-31","5","05","2023-05-31","Belanja Tunj. Anak PNS TNI/Polri","120480","0");
INSERT INTO  realisasix VALUES("230926141408685094","04","2023","05","685094","06","1","4","51","WA","6498","EBA","511172","001","04","2023-04-30","4","04","2023-04-30","4","04","2023-04-30","Belanja Tunj. Anak PNS TNI/Polri","236072","0");
INSERT INTO  realisasix VALUES("230926141408685094","03","2023","05","685094","06","1","4","51","WA","6498","EBA","511172","001","03","2023-03-31","3","03","2023-03-31","3","03","2023-03-31","Belanja Tunj. Anak PNS TNI/Polri","115592","0");
INSERT INTO  realisasix VALUES("230926141408685094","02","2023","05","685094","06","1","4","51","WA","6498","EBA","511172","001","02","2023-02-28","2","02","2023-02-28","2","02","2023-02-28","Belanja Tunj. Anak PNS TNI/Polri","115592","0");
INSERT INTO  realisasix VALUES("230926141408685094","01","2023","05","685094","06","1","4","51","WA","6498","EBA","511172","001","01","2023-01-31","1","01","2023-01-31","1","01","2023-01-31","Belanja Tunj. Anak PNS TNI/Polri","472144","0");
INSERT INTO  realisasix VALUES("230919230649685094","10","2023","05","685094","06","1","4","51","WA","6498","EBA","511161","001","010","2023-10-31","10","010","2023-10-31","10","010","2023-10-31","Belanja Gaji Pokok PNS TNI/Polri","8940300","0");
INSERT INTO  realisasix VALUES("230919230649685094","09","2023","05","685094","06","1","4","51","WA","6498","EBA","511161","001","09","2023-09-30","9","09","2023-09-30","9","09","2023-09-30","Belanja Gaji Pokok PNS TNI/Polri","11029300","0");
INSERT INTO  realisasix VALUES("230919230649685094","08","2023","05","685094","06","1","4","51","WA","6498","EBA","511161","001","08","2023-08-31","8","08","2023-08-31","8","08","2023-08-31","Belanja Gaji Pokok PNS TNI/Polri","8940300","0");
INSERT INTO  realisasix VALUES("230919230649685094","07","2023","05","685094","06","1","4","51","WA","6498","EBA","511161","001","07","2023-07-31","7","07","2023-07-31","7","07","2023-07-31","Belanja Gaji Pokok PNS TNI/Polri","8940300","0");
INSERT INTO  realisasix VALUES("230919230649685094","06","2023","05","685094","06","1","4","51","WA","6498","EBA","511161","001","06","2023-06-30","6","06","2023-06-30","6","06","2023-06-30","Belanja Gaji Pokok PNS TNI/Polri","17880600","0");
INSERT INTO  realisasix VALUES("230919230649685094","05","2023","05","685094","06","1","4","51","WA","6498","EBA","511161","001","05","2023-05-31","5","05","2023-05-31","5","05","2023-05-31","Belanja Gaji Pokok PNS TNI/Polri","8940300","0");
INSERT INTO  realisasix VALUES("230919230649685094","04","2023","05","685094","06","1","4","51","WA","6498","EBA","511161","001","04","2023-04-30","4","04","2023-04-30","4","04","2023-04-30","Belanja Gaji Pokok PNS TNI/Polri","17758400","0");
INSERT INTO  realisasix VALUES("230919230649685094","03","2023","05","685094","06","1","4","51","WA","6498","EBA","511161","001","03","2023-03-31","3","03","2023-03-31","3","03","2023-03-31","Belanja Gaji Pokok PNS TNI/Polri","8818100","0");
INSERT INTO  realisasix VALUES("230919230649685094","02","2023","05","685094","06","1","4","51","WA","6498","EBA","511161","001","02","2023-02-28","2","02","2023-02-28","2","02","2023-02-28","Belanja Gaji Pokok PNS TNI/Polri","8818100","0");
INSERT INTO  realisasix VALUES("230919230649685094","01","2023","05","685094","06","1","4","51","WA","6498","EBA","511161","001","01","2023-01-31","1","01","2023-01-31","1","01","2023-01-31","Belanja Gaji Pokok PNS TNI/Polri","23660200","0");
INSERT INTO  realisasix VALUES("230918142058685094","08","2023","05","685094","06","1","4","52","WA","6498","ABE","521213","002","08","2023-08-31","8","08","2023-08-31","8","08","2023-08-31","BELANJA HONOR OUTPUT KEGIATAN","5600000","0");
INSERT INTO  realisasix VALUES("230918142058685094","10","2023","05","685094","06","1","4","52","WA","6498","ABE","521213","002","010","2023-10-31","10","010","2023-10-31","10","010","2023-10-31","BELANJA HONOR OUTPUT KEGIATAN","7000000","0");
INSERT INTO  realisasix VALUES("230918142254685094","07","2023","05","685094","06","1","4","52","WA","6498","ABE","521219","001","07","2023-07-31","7","07","2023-07-31","7","07","2023-07-31","BELANJA BARANG NON OPERASIONAL LAINNYA","100840000","0");
INSERT INTO  realisasix VALUES("230918142254685094","10","2023","05","685094","06","1","4","52","WA","6498","ABE","521219","001","010","2023-10-31","10","010","2023-10-31","10","010","2023-10-31","BELANJA BARANG NON OPERASIONAL LAINNYA","49790000","0");
INSERT INTO  realisasix VALUES("230918142631685094","10","2023","05","685094","06","1","4","52","WA","6498","ABE","524111","002","010","2023-10-31","10","010","2023-10-31","10","010","2023-10-31","BELANJA PERJALANAN DINAS BIASA","306866000","0");
INSERT INTO  realisasix VALUES("230918142631685094","07","2023","05","685094","06","1","4","52","WA","6498","ABE","524111","002","07","2023-07-31","7","07","2023-07-31","7","07","2023-07-31","BELANJA PERJALANAN DINAS BIASA","66375000","0");
INSERT INTO  realisasix VALUES("230918141524685094","09","2023","05","685094","06","1","4","52","KA","1454","ABE","524111","006","09","2023-09-30","9","09","2023-09-30","9","09","2023-09-30","BELANJA PERJALANAN DINAS BIASA","712000000","0");
INSERT INTO  realisasix VALUES("230918141524685094","10","2023","05","685094","06","1","4","52","KA","1454","ABE","524111","006","010","2023-10-31","10","010","2023-10-31","10","010","2023-10-31","BELANJA PERJALANAN DINAS BIASA","712000000","0");
INSERT INTO  realisasix VALUES("230918141524685094","05","2023","05","685094","06","1","4","52","KA","1454","ABE","524111","006","05","2023-05-31","5","05","2023-05-31","5","05","2023-05-31","BELANJA PERJALANAN DINAS BIASA","1424000000","0");
INSERT INTO  realisasix VALUES("230918140941685094","09","2023","05","685094","06","1","4","52","KA","1454","ABE","521213","003","09","2023-09-30","9","09","2023-09-30","9","09","2023-09-30","BELANJA HONOR OUTPUT KEGIATAN","30400000","0");
INSERT INTO  realisasix VALUES("230917235310685094","10","2023","05","685094","06","1","4","52","WA","6498","ABE","521211","001","010","2023-10-31","10","010","2023-10-31","10","010","2023-10-31","BELANJA BAHAN (KAJIAN LAINNYA)","41210000","0");
INSERT INTO  realisasix VALUES("230918140941685094","05","2023","05","685094","06","1","4","52","KA","1454","ABE","521213","003","05","2023-05-31","5","05","2023-05-31","5","05","2023-05-31","BELANJA HONOR OUTPUT KEGIATAN","66200000","0");
INSERT INTO  realisasix VALUES("230917235310685094","07","2023","05","685094","06","1","4","52","WA","6498","ABE","521211","001","07","2023-07-31","7","07","2023-07-31","7","07","2023-07-31","BELANJA BAHAN (KAJIAN LAINNYA)","57185000","0");
INSERT INTO  realisasix VALUES("230917234135685094","09","2023","05","685094","06","1","4","52","KA","1454","ABE","521211","005","09","2023-09-30","9","09","2023-09-30","9","09","2023-09-30","BELANJA BAHAN (ANALISA KEBIJAKAN)","57600000","0");
INSERT INTO  realisasix VALUES("230917234135685094","06","2023","05","685094","06","1","4","52","KA","1454","ABE","521211","005","06","2023-06-30","6","06","2023-06-30","6","06","2023-06-30","BELANJA BAHAN (ANALISA KEBIJAKAN)","109800000","0");
INSERT INTO  realisasix VALUES("230917233624685094","10","2023","05","685094","06","1","4","52","WA","6502","EBA","521119","002","010","2023-10-31","10","010","2023-10-31","10","010","2023-10-31","Dukungan Representasi","497700000","0");
INSERT INTO  realisasix VALUES("230917233624685094","07","2023","05","685094","06","1","4","52","WA","6502","EBA","521119","002","07","2023-07-31","7","07","2023-07-31","7","07","2023-07-31","Dukungan Representasi","497700000","0");
INSERT INTO  realisasix VALUES("230917233624685094","04","2023","05","685094","06","1","4","52","WA","6502","EBA","521119","002","04","2023-04-30","4","04","2023-04-30","4","04","2023-04-30","Dukungan Representasi","497700000","0");
INSERT INTO  realisasix VALUES("230917233624685094","03","2023","05","685094","06","1","4","52","WA","6502","EBA","521119","002","03","2023-03-31","3","03","2023-03-31","3","03","2023-03-31","Dukungan Representasi","497700000","0");
INSERT INTO  realisasix VALUES("230917233513685094","10","2023","05","685094","06","1","4","52","WA","6502","EBA","521119","001","010","2023-10-31","10","010","2023-10-31","10","010","2023-10-31","Kodal","640000000","0");
INSERT INTO  realisasix VALUES("230917233513685094","07","2023","05","685094","06","1","4","52","WA","6502","EBA","521119","001","07","2023-07-31","7","07","2023-07-31","7","07","2023-07-31","Kodal","609500000","0");
INSERT INTO  realisasix VALUES("230917233513685094","08","2023","05","685094","06","1","4","52","WA","6502","EBA","521119","001","08","2023-08-31","8","08","2023-08-31","8","08","2023-08-31","Kodal","669000000","0");
INSERT INTO  realisasix VALUES("230917233513685094","09","2023","05","685094","06","1","4","52","WA","6502","EBA","521119","001","09","2023-09-30","9","09","2023-09-30","9","09","2023-09-30","Kodal","608500000","0");
INSERT INTO  realisasix VALUES("230917233513685094","06","2023","05","685094","06","1","4","52","WA","6502","EBA","521119","001","06","2023-06-30","6","06","2023-06-30","6","06","2023-06-30","Kodal","644000000","0");
INSERT INTO  realisasix VALUES("230917233513685094","05","2023","05","685094","06","1","4","52","WA","6502","EBA","521119","001","05","2023-05-31","5","05","2023-05-31","5","05","2023-05-31","Kodal","644000000","0");
INSERT INTO  realisasix VALUES("230917233513685094","04","2023","05","685094","06","1","4","52","WA","6502","EBA","521119","001","04","2023-04-30","4","04","2023-04-30","4","04","2023-04-30","Kodal","645000000","0");
INSERT INTO  realisasix VALUES("230917230348685094","07","2023","05","685094","06","1","4","52","WA","6498","EBA","521111","014","07","2023-07-31","7","07","2023-07-31","7","07","2023-07-31","PEMBANGUNAN WTRB","5000000","0");
INSERT INTO  realisasix VALUES("230917233513685094","03","2023","05","685094","06","1","4","52","WA","6502","EBA","521119","001","03","2023-03-31","3","03","2023-03-31","3","03","2023-03-31","Kodal","1897500000","0");
INSERT INTO  realisasix VALUES("230917233231685094","10","2023","05","685094","06","1","4","52","WA","6499","EBD","521111","002","010","2023-10-31","10","010","2023-10-31","10","010","2023-10-31","Bbsk","1239000","0");
INSERT INTO  realisasix VALUES("230917232956685094","10","2023","05","685094","06","1","4","52","WA","6499","EBA","521211","063","010","2023-10-31","10","010","2023-10-31","10","010","2023-10-31","SUN LK","1200000","0");
INSERT INTO  realisasix VALUES("230917232816685094","03","2023","05","685094","06","1","4","52","WA","6499","EBA","524111","010","03","2023-03-31","3","03","2023-03-31","3","03","2023-03-31","PENYELENGGARAAN REKONSILIASI TERPUSAT SUN LK TNI AD","3200000","0");
INSERT INTO  realisasix VALUES("230917232652685094","10","2023","05","685094","06","1","4","52","WA","6499","EBA","521114","003","010","2023-10-31","10","010","2023-10-31","10","010","2023-10-31","Kirim Dokumen Keuangan","1200000","0");
INSERT INTO  realisasix VALUES("230917232459685094","10","2023","05","685094","06","1","4","52","WA","6499","EBA","521111","008","010","2023-10-31","10","010","2023-10-31","10","010","2023-10-31","Watdoku","1900000","0");
INSERT INTO  realisasix VALUES("230917232338685094","09","2023","05","685094","06","1","4","52","WA","6499","EBA","521211","054","09","2023-09-30","9","09","2023-09-30","9","09","2023-09-30","Penyusunan Lapdallakrenbang Satker","1000000","0");
INSERT INTO  realisasix VALUES("230917232202685094","09","2023","05","685094","06","1","4","52","WA","6499","EBA","521211","074","09","2023-09-30","9","09","2023-09-30","9","09","2023-09-30","Penyusunan Laporan Evaluasi Progjagar Satker (Belanja Bahan)","1500000","0");
INSERT INTO  realisasix VALUES("230917231824685094","09","2023","05","685094","06","1","4","52","WA","6499","EBA","521211","030","09","2023-09-30","9","09","2023-09-30","9","09","2023-09-30","RKA Kotama atau Balakpus TA 2024","50000000","0");
INSERT INTO  realisasix VALUES("230917231725685094","07","2023","05","685094","06","1","4","52","WA","6499","EBA","521211","027","07","2023-07-31","7","07","2023-07-31","7","07","2023-07-31","Revisi Renja Kotama atau Balakpus TA 2023","10000000","0");
INSERT INTO  realisasix VALUES("230917231344685094","07","2023","05","685094","06","1","4","52","WA","6499","EBA","521211","021","07","2023-07-31","7","07","2023-07-31","7","07","2023-07-31","Rancangan Renja Kotama atau Balakpus TA 2024","20000000","0");
INSERT INTO  realisasix VALUES("230917231214685094","07","2023","05","685094","06","1","4","52","WA","6499","EBA","521211","018","07","2023-07-31","7","07","2023-07-31","7","07","2023-07-31","Rancangan Awal Renja Kotama atau Balakpus 2024","20000000","0");
INSERT INTO  realisasix VALUES("230917230949685094","09","2023","05","685094","06","1","4","52","WA","6499","EBA","521211","065","09","2023-09-30","9","09","2023-09-30","9","09","2023-09-30","Rekkon Intern Renproggar (Belanja Bahan)","25000000","0");
INSERT INTO  realisasix VALUES("230917230728685094","09","2023","05","685094","06","1","4","52","WA","6498","EBA","521111","006","09","2023-09-30","9","09","2023-09-30","9","09","2023-09-30","Penyusunan Renbut Lima Tahunan Satker","16000000","0");
INSERT INTO  realisasix VALUES("230917230145685094","07","2023","05","685094","06","1","4","52","WA","6498","EBA","521111","009","07","2023-07-31","7","07","2023-07-31","7","07","2023-07-31","Pelaksanaan RB Tk Pusat","5000000","0");
INSERT INTO  realisasix VALUES("230917225913685094","10","2023","05","685094","06","1","4","52","WA","6498","EBA","521115","017","010","2023-10-31","10","010","2023-10-31","10","010","2023-10-31","HONOR KPA","2300000","0");
INSERT INTO  realisasix VALUES("230917225913685094","07","2023","05","685094","06","1","4","52","WA","6498","EBA","521115","017","07","2023-07-31","7","07","2023-07-31","7","07","2023-07-31","HONOR KPA","2300000","0");
INSERT INTO  realisasix VALUES("230917225913685094","04","2023","05","685094","06","1","4","52","WA","6498","EBA","521115","017","04","2023-04-30","4","04","2023-04-30","4","04","2023-04-30","HONOR KPA","2300000","0");
INSERT INTO  realisasix VALUES("230917225808685094","10","2023","05","685094","06","1","4","52","WA","6498","EBA","521115","016","010","2023-10-31","10","010","2023-10-31","10","010","2023-10-31","HONOR BPP","450000","0");
INSERT INTO  realisasix VALUES("230917225808685094","07","2023","05","685094","06","1","4","52","WA","6498","EBA","521115","016","07","2023-07-31","7","07","2023-07-31","7","07","2023-07-31","HONOR BPP","450000","0");
INSERT INTO  realisasix VALUES("230917225808685094","04","2023","05","685094","06","1","4","52","WA","6498","EBA","521115","016","04","2023-04-30","4","04","2023-04-30","4","04","2023-04-30","HONOR BPP","450000","0");
INSERT INTO  realisasix VALUES("230917225715685094","10","2023","05","685094","06","1","4","52","WA","6498","EBA","521115","015","010","2023-10-31","10","010","2023-10-31","10","010","2023-10-31","Honor Ppabp","950000","0");
INSERT INTO  realisasix VALUES("230917225715685094","07","2023","05","685094","06","1","4","52","WA","6498","EBA","521115","015","07","2023-07-31","7","07","2023-07-31","7","07","2023-07-31","Honor Ppabp","950000","0");
INSERT INTO  realisasix VALUES("230917225715685094","04","2023","05","685094","06","1","4","52","WA","6498","EBA","521115","015","04","2023-04-30","4","04","2023-04-30","4","04","2023-04-30","Honor Ppabp","950000","0");
INSERT INTO  realisasix VALUES("230917225621685094","10","2023","05","685094","06","1","4","52","WA","6498","EBA","521115","014","010","2023-10-31","10","010","2023-10-31","10","010","2023-10-31","Honor Ppspm","1300000","0");
INSERT INTO  realisasix VALUES("230917225621685094","07","2023","05","685094","06","1","4","52","WA","6498","EBA","521115","014","07","2023-07-31","7","07","2023-07-31","7","07","2023-07-31","Honor Ppspm","1300000","0");
INSERT INTO  realisasix VALUES("230917225621685094","04","2023","05","685094","06","1","4","52","WA","6498","EBA","521115","014","04","2023-04-30","4","04","2023-04-30","4","04","2023-04-30","Honor Ppspm","1300000","0");
INSERT INTO  realisasix VALUES("230917225506685094","10","2023","05","685094","06","1","4","52","WA","6498","EBA","521115","020","010","2023-10-31","10","010","2023-10-31","10","010","2023-10-31","Honor SAK","1500000","0");
INSERT INTO  realisasix VALUES("230917225506685094","07","2023","05","685094","06","1","4","52","WA","6498","EBA","521115","020","07","2023-07-31","7","07","2023-07-31","7","07","2023-07-31","Honor SAK","3000000","0");
INSERT INTO  realisasix VALUES("230917225347685094","10","2023","05","685094","06","1","4","52","WA","6498","EBA","521115","019","010","2023-10-31","10","010","2023-10-31","10","010","2023-10-31","Honor BP","950000","0");
INSERT INTO  realisasix VALUES("230917225347685094","04","2023","05","685094","06","1","4","52","WA","6498","EBA","521115","019","04","2023-04-30","4","04","2023-04-30","4","04","2023-04-30","Honor BP","950000","0");
INSERT INTO  realisasix VALUES("230917225347685094","07","2023","05","685094","06","1","4","52","WA","6498","EBA","521115","019","07","2023-07-31","7","07","2023-07-31","7","07","2023-07-31","Honor BP","950000","0");
INSERT INTO  realisasix VALUES("230917224857685094","07","2023","05","685094","06","1","4","52","WA","6498","EBA","521211","036","07","2023-07-31","7","07","2023-07-31","7","07","2023-07-31","Penyusunan Laporan Kinerja Instansi Pemerintahan (LKIP) Satker","1000000","0");
INSERT INTO  realisasix VALUES("230917225030685094","09","2023","05","685094","06","1","4","52","WA","6498","EBA","521211","039","09","2023-09-30","9","09","2023-09-30","9","09","2023-09-30","Penyusunan Laporan Kinerja (LKJ) Satker","2000000","0");
INSERT INTO  realisasix VALUES("230917225131685094","07","2023","05","685094","06","1","4","52","WA","6498","EBA","521211","042","07","2023-07-31","7","07","2023-07-31","7","07","2023-07-31","Penyusunan Perjanjian Kinerja Satker","1000000","0");
INSERT INTO  realisasix VALUES("230917225231685094","07","2023","05","685094","06","1","4","52","WA","6498","EBA","521211","045","07","2023-07-31","7","07","2023-07-31","7","07","2023-07-31","Revisi Perjanjian Kinerja Satker","1000000","0");
INSERT INTO  realisasix VALUES("230917224455685094","06","2023","05","685094","04","1","4","52","WA","6498","EBA","521811","004","06","2023-06-30","6","06","2023-06-30","6","06","2023-06-30","ATK","404064000","0");
INSERT INTO  realisasix VALUES("230917224455685094","07","2023","05","685094","04","1","4","52","WA","6498","EBA","521811","004","07","2023-07-31","7","07","2023-07-31","7","07","2023-07-31","ATK","66240000","0");
INSERT INTO  realisasix VALUES("230917224455685094","08","2023","05","685094","04","1","4","52","WA","6498","EBA","521811","004","08","2023-08-31","8","08","2023-08-31","8","08","2023-08-31","ATK","158976000","0");
INSERT INTO  realisasix VALUES("230917224455685094","09","2023","05","685094","04","1","4","52","WA","6498","EBA","521811","004","09","2023-09-30","9","09","2023-09-30","9","09","2023-09-30","ATK","72864000","0");
INSERT INTO  realisasix VALUES("230917224455685094","10","2023","05","685094","04","1","4","52","WA","6498","EBA","521811","004","010","2023-10-31","10","010","2023-10-31","10","010","2023-10-31","ATK","79488000","0");
INSERT INTO  realisasix VALUES("230917224608685094","09","2023","05","685094","06","1","4","52","WA","6498","EBA","521111","013","09","2023-09-30","9","09","2023-09-30","9","09","2023-09-30","JUKCAN SATKER","16000000","0");
INSERT INTO  realisasix VALUES("230917224355685094","09","2023","05","685094","04","1","4","52","WA","6498","EBA","521213","012","09","2023-09-30","9","09","2023-09-30","9","09","2023-09-30","HONOR SIMAK BMN","7500000","0");
INSERT INTO  realisasix VALUES("230917224053685094","07","2023","05","685094","03","1","4","52","WA","6498","EBA","521211","022","07","2023-07-31","7","07","2023-07-31","7","07","2023-07-31","SIDANG PANGKAT MILITER","1400000","0");
INSERT INTO  realisasix VALUES("230917223109685094","09","2023","05","685094","03","1","4","52","WA","6498","EBA","524111","012","09","2023-09-30","9","09","2023-09-30","9","09","2023-09-30","Belanja Perjalanan Dinas Biasa","16641500","0");
INSERT INTO  realisasix VALUES("230917223541685094","04","2023","05","685094","03","1","4","52","WA","6498","EBA","524111","016","04","2023-04-30","4","04","2023-04-30","4","04","2023-04-30","BPD MUTASI THP I","96789000","0");
INSERT INTO  realisasix VALUES("230917223922685094","07","2023","05","685094","03","1","4","52","WA","6498","EBA","521211","021","07","2023-07-31","7","07","2023-07-31","7","07","2023-07-31","SIDANG JABATAN MILITER","1800000","0");
INSERT INTO  realisasix VALUES("230917223109685094","08","2023","05","685094","03","1","4","52","WA","6498","EBA","524111","012","08","2023-08-31","8","08","2023-08-31","8","08","2023-08-31","Belanja Perjalanan Dinas Biasa","53158500","0");
INSERT INTO  realisasix VALUES("230917222912685094","07","2023","05","685094","03","1","4","52","WA","6498","EBA","521115","001","07","2023-07-31","7","07","2023-07-31","7","07","2023-07-31","Belanja Honor Operasional Satuan Kerja","600000","0");
INSERT INTO  realisasix VALUES("230917222216685094","10","2023","05","685094","06","1","4","51","WA","6498","EBA","512411","001","010","2023-10-31","10","010","2023-10-31","10","010","2023-10-31","Belanja Pegawai (Tunjangan Khusus/Kegiatan/Kinerja)","823731202","0");
INSERT INTO  realisasix VALUES("230917222216685094","08","2023","05","685094","06","1","4","51","WA","6498","EBA","512411","001","08","2023-08-31","8","08","2023-08-31","8","08","2023-08-31","Belanja Pegawai (Tunjangan Khusus/Kegiatan/Kinerja)","814253124","0");
INSERT INTO  realisasix VALUES("230917222216685094","09","2023","05","685094","06","1","4","51","WA","6498","EBA","512411","001","09","2023-09-30","9","09","2023-09-30","9","09","2023-09-30","Belanja Pegawai (Tunjangan Khusus/Kegiatan/Kinerja)","780775262","0");
INSERT INTO  realisasix VALUES("230917222216685094","07","2023","05","685094","06","1","4","51","WA","6498","EBA","512411","001","07","2023-07-31","7","07","2023-07-31","7","07","2023-07-31","Belanja Pegawai (Tunjangan Khusus/Kegiatan/Kinerja)","971720194","0");
INSERT INTO  realisasix VALUES("230917222216685094","06","2023","05","685094","06","1","4","51","WA","6498","EBA","512411","001","06","2023-06-30","6","06","2023-06-30","6","06","2023-06-30","Belanja Pegawai (Tunjangan Khusus/Kegiatan/Kinerja)","1152829649","0");
INSERT INTO  realisasix VALUES("230917222216685094","05","2023","05","685094","06","1","4","51","WA","6498","EBA","512411","001","05","2023-05-31","5","05","2023-05-31","5","05","2023-05-31","Belanja Pegawai (Tunjangan Khusus/Kegiatan/Kinerja)","1414972070","0");
INSERT INTO  realisasix VALUES("230917222216685094","04","2023","05","685094","06","1","4","51","WA","6498","EBA","512411","001","04","2023-04-30","4","04","2023-04-30","4","04","2023-04-30","Belanja Pegawai (Tunjangan Khusus/Kegiatan/Kinerja)","1215055057","0");
INSERT INTO  realisasix VALUES("230917222216685094","03","2023","05","685094","06","1","4","51","WA","6498","EBA","512411","001","03","2023-03-31","3","03","2023-03-31","3","03","2023-03-31","Belanja Pegawai (Tunjangan Khusus/Kegiatan/Kinerja)","820737371","0");
INSERT INTO  realisasix VALUES("230917222216685094","02","2023","05","685094","06","1","4","51","WA","6498","EBA","512411","001","02","2023-02-28","2","02","2023-02-28","2","02","2023-02-28","Belanja Pegawai (Tunjangan Khusus/Kegiatan/Kinerja)","786339182","0");
INSERT INTO  realisasix VALUES("230917221630685094","10","2023","05","685094","06","1","4","51","WA","6498","EBA","511244","001","010","2023-10-31","10","010","2023-10-31","10","010","2023-10-31","Belanja Tunjangan Umum TNI/Polri","2475000","0");
INSERT INTO  realisasix VALUES("230917221630685094","04","2023","05","685094","06","1","4","51","WA","6498","EBA","511244","001","04","2023-04-30","4","04","2023-04-30","4","04","2023-04-30","Belanja Tunjangan Umum TNI/Polri","4500000","0");
INSERT INTO  realisasix VALUES("230917221630685094","09","2023","05","685094","06","1","4","51","WA","6498","EBA","511244","001","09","2023-09-30","9","09","2023-09-30","9","09","2023-09-30","Belanja Tunjangan Umum TNI/Polri","2550000","0");
INSERT INTO  realisasix VALUES("230917221630685094","08","2023","05","685094","06","1","4","51","WA","6498","EBA","511244","001","08","2023-08-31","8","08","2023-08-31","8","08","2023-08-31","Belanja Tunjangan Umum TNI/Polri","2400000","0");
INSERT INTO  realisasix VALUES("230917221630685094","07","2023","05","685094","06","1","4","51","WA","6498","EBA","511244","001","07","2023-07-31","7","07","2023-07-31","7","07","2023-07-31","Belanja Tunjangan Umum TNI/Polri","2100000","0");
INSERT INTO  realisasix VALUES("230917221630685094","06","2023","05","685094","06","1","4","51","WA","6498","EBA","511244","001","06","2023-06-30","6","06","2023-06-30","6","06","2023-06-30","Belanja Tunjangan Umum TNI/Polri","4350000","0");
INSERT INTO  realisasix VALUES("230917221630685094","05","2023","05","685094","06","1","4","51","WA","6498","EBA","511244","001","05","2023-05-31","5","05","2023-05-31","5","05","2023-05-31","Belanja Tunjangan Umum TNI/Polri","2250000","0");
INSERT INTO  realisasix VALUES("230917221630685094","03","2023","05","685094","06","1","4","51","WA","6498","EBA","511244","001","03","2023-03-31","3","03","2023-03-31","3","03","2023-03-31","Belanja Tunjangan Umum TNI/Polri","1950000","0");
INSERT INTO  realisasix VALUES("230917220952685094","06","2023","05","685094","06","1","4","51","WA","6498","EBA","511232","001","06","2023-06-30","6","06","2023-06-30","6","06","2023-06-30","Belanja Tunj. Kowan/Polwan TNI TNI/POLRI","200000","0");
INSERT INTO  realisasix VALUES("230917220952685094","07","2023","05","685094","06","1","4","51","WA","6498","EBA","511232","001","07","2023-07-31","7","07","2023-07-31","7","07","2023-07-31","Belanja Tunj. Kowan/Polwan TNI TNI/POLRI","150000","0");
INSERT INTO  realisasix VALUES("230917220952685094","08","2023","05","685094","06","1","4","51","WA","6498","EBA","511232","001","08","2023-08-31","8","08","2023-08-31","8","08","2023-08-31","Belanja Tunj. Kowan/Polwan TNI TNI/POLRI","150000","0");
INSERT INTO  realisasix VALUES("230917220952685094","09","2023","05","685094","06","1","4","51","WA","6498","EBA","511232","001","09","2023-09-30","9","09","2023-09-30","9","09","2023-09-30","Belanja Tunj. Kowan/Polwan TNI TNI/POLRI","150000","0");
INSERT INTO  realisasix VALUES("230917220952685094","10","2023","05","685094","06","1","4","51","WA","6498","EBA","511232","001","010","2023-10-31","10","010","2023-10-31","10","010","2023-10-31","Belanja Tunj. Kowan/Polwan TNI TNI/POLRI","150000","0");
INSERT INTO  realisasix VALUES("230917221630685094","01","2023","05","685094","06","1","4","51","WA","6498","EBA","511244","001","01","2023-01-31","1","01","2023-01-31","1","01","2023-01-31","Belanja Tunjangan Umum TNI/Polri","2850000","0");
INSERT INTO  realisasix VALUES("230917221630685094","02","2023","05","685094","06","1","4","51","WA","6498","EBA","511244","001","02","2023-02-28","2","02","2023-02-28","2","02","2023-02-28","Belanja Tunjangan Umum TNI/Polri","2175000","0");
INSERT INTO  realisasix VALUES("230917220952685094","04","2023","05","685094","06","1","4","51","WA","6498","EBA","511232","001","04","2023-04-30","4","04","2023-04-30","4","04","2023-04-30","Belanja Tunj. Kowan/Polwan TNI TNI/POLRI","100000","0");
INSERT INTO  realisasix VALUES("230917220952685094","05","2023","05","685094","06","1","4","51","WA","6498","EBA","511232","001","05","2023-05-31","5","05","2023-05-31","5","05","2023-05-31","Belanja Tunj. Kowan/Polwan TNI TNI/POLRI","100000","0");
INSERT INTO  realisasix VALUES("230917220952685094","03","2023","05","685094","06","1","4","51","WA","6498","EBA","511232","001","03","2023-03-31","3","03","2023-03-31","3","03","2023-03-31","Belanja Tunj. Kowan/Polwan TNI TNI/POLRI","100000","0");
INSERT INTO  realisasix VALUES("230917220952685094","02","2023","05","685094","06","1","4","51","WA","6498","EBA","511232","001","02","2023-02-28","2","02","2023-02-28","2","02","2023-02-28","Belanja Tunj. Kowan/Polwan TNI TNI/POLRI","100000","0");
INSERT INTO  realisasix VALUES("230917220952685094","01","2023","05","685094","06","1","4","51","WA","6498","EBA","511232","001","1","2023-01-31","1","1","2023-01-31","1","1","2023-01-31","Belanja Tunj. Kowan/Polwan TNI TNI/POLRI","100000","0");
INSERT INTO  realisasix VALUES("230917220628685094","10","2023","05","685094","06","1","4","51","WA","6498","EBA","511228","001","010","2023-10-31","10","10","2023-10-31","10","010","2023-10-31","Belanja Tunj. Lauk pauk TNI/POLRI ","154860000","0");
INSERT INTO  realisasix VALUES("230917220628685094","09","2023","05","685094","06","1","4","51","WA","6498","EBA","511228","001","09","2023-09-30","9","09","2023-09-30","9","09","2023-09-30","Belanja Tunj. Lauk pauk TNI/POLRI ","169260000","0");
INSERT INTO  realisasix VALUES("230917220628685094","08","2023","05","685094","06","1","4","51","WA","6498","EBA","511228","001","08","2023-08-31","8","08","2023-08-31","8","08","2023-08-31","Belanja Tunj. Lauk pauk TNI/POLRI ","162060000","0");
INSERT INTO  realisasix VALUES("230917220628685094","07","2023","05","685094","06","1","4","51","WA","6498","EBA","511228","001","07","2023-07-31","7","07","2023-07-31","7","07","2023-07-31","Belanja Tunj. Lauk pauk TNI/POLRI ","165540000","0");
INSERT INTO  realisasix VALUES("230917220628685094","06","2023","05","685094","06","1","4","51","WA","6498","EBA","511228","001","06","2023-06-30","6","06","2023-06-30","6","06","2023-06-30","Belanja Tunj. Lauk pauk TNI/POLRI ","156060000","0");
INSERT INTO  realisasix VALUES("230917220628685094","05","2023","05","685094","06","1","4","51","WA","6498","EBA","511228","001","05","2023-05-31","5","05","2023-05-31","5","05","2023-05-31","Belanja Tunj. Lauk pauk TNI/POLRI ","140400000","0");
INSERT INTO  realisasix VALUES("230917220628685094","04","2023","05","685094","06","1","4","51","WA","6498","EBA","511228","001","04","2023-04-30","4","04","2023-04-30","4","04","2023-04-30","Belanja Tunj. Lauk pauk TNI/POLRI ","168960000","0");
INSERT INTO  realisasix VALUES("230917220628685094","03","2023","05","685094","06","1","4","51","WA","6498","EBA","511228","001","03","2023-03-31","3","03","2023-03-31","3","03","2023-03-31","Belanja Tunj. Lauk pauk TNI/POLRI ","149520000","0");
INSERT INTO  realisasix VALUES("230917220628685094","02","2023","05","685094","06","1","4","51","WA","6498","EBA","511228","001","02","2023-02-28","2","02","2023-02-28","2","02","2023-02-28","Belanja Tunj. Lauk pauk TNI/POLRI ","162420000","0");
INSERT INTO  realisasix VALUES("230917220628685094","01","2023","05","685094","06","1","4","51","WA","6498","EBA","511228","001","01","2023-01-31","1","01","2023-01-31","1","01","2023-01-31","Belanja Tunj. Lauk pauk TNI/POLRI ","256920000","0");
INSERT INTO  realisasix VALUES("230917220122685094","10","2023","05","685094","06","1","4","51","WA","6498","EBA","511226","001","010","2023-10-31","10","010","2023-10-31","10","010","2023-10-31","Belanja Tunj. Beras TNI/POLRI ","23811696","0");
INSERT INTO  realisasix VALUES("230917215238685094","10","2023","05","685094","06","1","4","51","WA","6498","EBA","511223","001","010","2023-10-31","10","010","2023-10-31","10","010","2023-10-31","Belanja Tunj. Struktural TNI/POLRI","133385000","0");
INSERT INTO  realisasix VALUES("230917215504685094","01","2023","05","685094","06","1","4","51","WA","6498","EBA","511225","001","01","2023-01-31","1","01","2023-01-31","1","01","2023-01-31","Belanja Tunj. PPh TNI/POLRI","14563135","0");
INSERT INTO  realisasix VALUES("230917215504685094","02","2023","05","685094","06","1","4","51","WA","6498","EBA","511225","001","02","2023-02-28","2","02","2023-02-28","2","02","2023-02-28","Belanja Tunj. PPh TNI/POLRI","7833477","0");
INSERT INTO  realisasix VALUES("230917215504685094","03","2023","05","685094","06","1","4","51","WA","6498","EBA","511225","001","03","2023-03-31","3","03","2023-03-31","3","03","2023-03-31","Belanja Tunj. PPh TNI/POLRI","9931364","0");
INSERT INTO  realisasix VALUES("230917215504685094","04","2023","05","685094","06","1","4","51","WA","6498","EBA","511225","001","04","2023-04-30","4","04","2023-04-30","4","04","2023-04-30","Belanja Tunj. PPh TNI/POLRI","38841591","0");
INSERT INTO  realisasix VALUES("230917215504685094","05","2023","05","685094","06","1","4","51","WA","6498","EBA","511225","001","05","2023-05-31","5","05","2023-05-31","5","05","2023-05-31","Belanja Tunj. PPh TNI/POLRI","5869221","0");
INSERT INTO  realisasix VALUES("230917215504685094","06","2023","05","685094","06","1","4","51","WA","6498","EBA","511225","001","06","2023-06-30","6","06","2023-06-30","6","06","2023-06-30","Belanja Tunj. PPh TNI/POLRI","35855197","0");
INSERT INTO  realisasix VALUES("230917215504685094","07","2023","05","685094","06","1","4","51","WA","6498","EBA","511225","001","07","2023-07-31","7","07","2023-07-31","7","07","2023-07-31","Belanja Tunj. PPh TNI/POLRI","8419112","0");
INSERT INTO  realisasix VALUES("230917215504685094","08","2023","05","685094","06","1","4","51","WA","6498","EBA","511225","001","08","2023-08-31","8","08","2023-08-31","8","08","2023-08-31","Belanja Tunj. PPh TNI/POLRI","12430112","0");
INSERT INTO  realisasix VALUES("230917215504685094","09","2023","05","685094","06","1","4","51","WA","6498","EBA","511225","001","09","2023-09-30","9","09","2023-09-30","9","09","2023-09-30","Belanja Tunj. PPh TNI/POLRI","8930532","0");
INSERT INTO  realisasix VALUES("230917215504685094","10","2023","05","685094","06","1","4","51","WA","6498","EBA","511225","001","010","2023-10-31","10","010","2023-10-31","10","010","2023-10-31","Belanja Tunj. PPh TNI/POLRI","6733546","0");
INSERT INTO  realisasix VALUES("230917220122685094","01","2023","05","685094","06","1","4","51","WA","6498","EBA","511226","001","01","2023-01-31","1","01","2023-01-31","1","01","2023-01-31","Belanja Tunj. Beras TNI/POLRI ","41858760","0");
INSERT INTO  realisasix VALUES("230917220122685094","02","2023","05","685094","06","1","4","51","WA","6498","EBA","511226","001","02","2023-02-28","2","02","2023-02-28","2","02","2023-02-28","Belanja Tunj. Beras TNI/POLRI ","24506928","0");
INSERT INTO  realisasix VALUES("230917220122685094","03","2023","05","685094","06","1","4","51","WA","6498","EBA","511226","001","03","2023-03-31","3","03","2023-03-31","3","03","2023-03-31","Belanja Tunj. Beras TNI/POLRI ","23058528","0");
INSERT INTO  realisasix VALUES("230917220122685094","04","2023","05","685094","06","1","4","51","WA","6498","EBA","511226","001","04","2023-04-30","4","04","2023-04-30","4","04","2023-04-30","Belanja Tunj. Beras TNI/POLRI ","50143608","0");
INSERT INTO  realisasix VALUES("230917220122685094","05","2023","05","685094","06","1","4","51","WA","6498","EBA","511226","001","05","2023-05-31","5","05","2023-05-31","5","05","2023-05-31","Belanja Tunj. Beras TNI/POLRI ","21899808","0");
INSERT INTO  realisasix VALUES("230917220122685094","06","2023","05","685094","06","1","4","51","WA","6498","EBA","511226","001","06","2023-06-30","6","06","2023-06-30","6","06","2023-06-30","Belanja Tunj. Beras TNI/POLRI ","47044032","0");
INSERT INTO  realisasix VALUES("230917220122685094","07","2023","05","685094","06","1","4","51","WA","6498","EBA","511226","001","07","2023-07-31","7","07","2023-07-31","7","07","2023-07-31","Belanja Tunj. Beras TNI/POLRI ","24854544","0");
INSERT INTO  realisasix VALUES("230917220122685094","09","2023","05","685094","06","1","4","51","WA","6498","EBA","511226","001","09","2023-09-30","9","09","2023-09-30","9","09","2023-09-30","Belanja Tunj. Beras TNI/POLRI ","24825576","0");
INSERT INTO  realisasix VALUES("230917220122685094","08","2023","05","685094","06","1","4","51","WA","6498","EBA","511226","001","08","2023-08-31","8","08","2023-08-31","8","08","2023-08-31","Belanja Tunj. Beras TNI/POLRI ","24622800","0");
INSERT INTO  realisasix VALUES("230917215238685094","09","2023","05","685094","06","1","4","51","WA","6498","EBA","511223","001","09","2023-09-30","9","09","2023-09-30","9","09","2023-09-30","Belanja Tunj. Struktural TNI/POLRI","150435000","0");
INSERT INTO  realisasix VALUES("230917215238685094","08","2023","05","685094","06","1","4","51","WA","6498","EBA","511223","001","08","2023-08-31","8","08","2023-08-31","8","08","2023-08-31","Belanja Tunj. Struktural TNI/POLRI","150920000","0");
INSERT INTO  realisasix VALUES("230917215238685094","06","2023","05","685094","06","1","4","51","WA","6498","EBA","511223","001","06","2023-06-30","6","06","2023-06-30","6","06","2023-06-30","Belanja Tunj. Struktural TNI/POLRI","281840000","0");
INSERT INTO  realisasix VALUES("230917215238685094","07","2023","05","685094","06","1","4","51","WA","6498","EBA","511223","001","07","2023-07-31","7","07","2023-07-31","7","07","2023-07-31","Belanja Tunj. Struktural TNI/POLRI","162920000","0");
INSERT INTO  realisasix VALUES("230917215238685094","05","2023","05","685094","06","1","4","51","WA","6498","EBA","511223","001","05","2023-05-31","5","05","2023-05-31","5","05","2023-05-31","Belanja Tunj. Struktural TNI/POLRI","116570000","0");
INSERT INTO  realisasix VALUES("230917215238685094","04","2023","05","685094","06","1","4","51","WA","6498","EBA","511223","001","04","2023-04-30","4","04","2023-04-30","4","04","2023-04-30","Belanja Tunj. Struktural TNI/POLRI","300475000","0");
INSERT INTO  realisasix VALUES("230917215238685094","03","2023","05","685094","06","1","4","51","WA","6498","EBA","511223","001","03","2023-03-31","3","03","2023-03-31","3","03","2023-03-31","Belanja Tunj. Struktural TNI/POLRI","153375000","0");
INSERT INTO  realisasix VALUES("230917215238685094","02","2023","05","685094","06","1","4","51","WA","6498","EBA","511223","001","02","2023-02-28","2","02","2023-02-28","2","02","2023-02-28","Belanja Tunj. Struktural TNI/POLRI","153405000","0");
INSERT INTO  realisasix VALUES("230917215238685094","01","2023","05","685094","06","1","4","51","WA","6498","EBA","511223","001","01","2023-01-31","1","01","2023-01-31","1","01","2023-01-31","Belanja Tunj. Struktural TNI/POLRI","283930000","0");
INSERT INTO  realisasix VALUES("230917215029685094","10","2023","05","685094","06","1","4","51","WA","6498","EBA","511222","001","010","2023-10-31","10","010","2023-10-31","10","010","2023-10-31","Belanja Tunj. Anak TNI/Polri","8222064","0");
INSERT INTO  realisasix VALUES("230917215029685094","09","2023","05","685094","06","1","4","51","WA","6498","EBA","511222","001","09","2023-09-30","9","09","2023-09-30","9","09","2023-09-30","Belanja Tunj. Anak TNI/Polri","8394760","0");
INSERT INTO  realisasix VALUES("230917215029685094","08","2023","05","685094","06","1","4","51","WA","6498","EBA","511222","001","08","2023-08-31","8","08","2023-08-31","8","08","2023-08-31","Belanja Tunj. Anak TNI/Polri","8276752","0");
INSERT INTO  realisasix VALUES("230917215029685094","06","2023","05","685094","06","1","4","51","WA","6498","EBA","511222","001","06","2023-06-30","6","06","2023-06-30","6","06","2023-06-30","Belanja Tunj. Anak TNI/Polri","16281364","0");
INSERT INTO  realisasix VALUES("230917215029685094","07","2023","05","685094","06","1","4","51","WA","6498","EBA","511222","001","07","2023-07-31","7","07","2023-07-31","7","07","2023-07-31","Belanja Tunj. Anak TNI/Polri","8546418","0");
INSERT INTO  realisasix VALUES("230917215029685094","05","2023","05","685094","06","1","4","51","WA","6498","EBA","511222","001","05","2023-05-31","5","05","2023-05-31","5","05","2023-05-31","Belanja Tunj. Anak TNI/Polri","7408284","0");
INSERT INTO  realisasix VALUES("230917215029685094","04","2023","05","685094","06","1","4","51","WA","6498","EBA","511222","001","04","2023-04-30","4","04","2023-04-30","4","04","2023-04-30","Belanja Tunj. Anak TNI/Polri","17271080","0");
INSERT INTO  realisasix VALUES("230917215029685094","03","2023","05","685094","06","1","4","51","WA","6498","EBA","511222","001","03","2023-03-31","3","03","2023-03-31","3","03","2023-03-31","Belanja Tunj. Anak TNI/Polri","7860436","0");
INSERT INTO  realisasix VALUES("230917214617685094","06","2023","05","685094","06","1","4","51","WA","6498","EBA","511221","001","06","2023-06-30","6","06","2023-06-30","6","06","2023-06-30","Belanja Tunj. Suami/Istri TNI/POLRI ","67455840","0");
INSERT INTO  realisasix VALUES("230917215029685094","02","2023","05","685094","06","1","4","51","WA","6498","EBA","511222","001","02","2023-02-28","2","02","2023-02-28","2","02","2023-02-28","Belanja Tunj. Anak TNI/Polri","8394120","0");
INSERT INTO  realisasix VALUES("230917215029685094","01","2023","05","685094","06","1","4","51","WA","6498","EBA","511222","001","01","2023-01-31","1","01","2023-01-31","1","01","2023-01-31","Belanja Tunj. Anak TNI/Polri","15962792","0");
INSERT INTO  realisasix VALUES("230917214617685094","10","2023","05","685094","06","1","4","51","WA","6498","EBA","511221","001","010","2023-10-31","10","010","2023-10-31","10","010","2023-10-31","Belanja Tunj. Suami/Istri TNI/POLRI ","32232280","0");
INSERT INTO  realisasix VALUES("230917214617685094","09","2023","05","685094","06","1","4","51","WA","6498","EBA","511221","001","09","2023-09-30","9","09","2023-09-30","9","09","2023-09-30","Belanja Tunj. Suami/Istri TNI/POLRI ","34899880","0");
INSERT INTO  realisasix VALUES("230917214617685094","08","2023","05","685094","06","1","4","51","WA","6498","EBA","511221","001","08","2023-08-31","8","08","2023-08-31","8","08","2023-08-31","Belanja Tunj. Suami/Istri TNI/POLRI ","34835590","0");
INSERT INTO  realisasix VALUES("230917214617685094","07","2023","05","685094","06","1","4","51","WA","6498","EBA","511221","001","07","2023-07-31","7","07","2023-07-31","7","07","2023-07-31","Belanja Tunj. Suami/Istri TNI/POLRI ","36600950","0");
INSERT INTO  realisasix VALUES("230917214617685094","05","2023","05","685094","06","1","4","51","WA","6498","EBA","511221","001","05","2023-05-31","5","05","2023-05-31","5","05","2023-05-31","Belanja Tunj. Suami/Istri TNI/POLRI ","31135920","0");
INSERT INTO  realisasix VALUES("230917214617685094","04","2023","05","685094","06","1","4","51","WA","6498","EBA","511221","001","04","2023-04-30","4","04","2023-04-30","4","04","2023-04-30","Belanja Tunj. Suami/Istri TNI/POLRI ","72870630","0");
INSERT INTO  realisasix VALUES("230917214617685094","03","2023","05","685094","06","1","4","51","WA","6498","EBA","511221","001","03","2023-03-31","3","03","2023-03-31","3","03","2023-03-31","Belanja Tunj. Suami/Istri TNI/POLRI ","34466830","0");
INSERT INTO  realisasix VALUES("230917214617685094","02","2023","05","685094","06","1","4","51","WA","6498","EBA","511221","001","02","2023-02-28","2","02","2023-02-28","2","02","2023-02-28","Belanja Tunj. Suami/Istri TNI/POLRI ","36022690","0");
INSERT INTO  realisasix VALUES("230917214617685094","01","2023","05","685094","06","1","4","51","WA","6498","EBA","511221","001","01","2023-01-31","1","01","2023-01-31","1","01","2023-01-31","Belanja Tunj. Suami/Istri TNI/POLRI ","63067400","0");
INSERT INTO  realisasix VALUES("230915121917685094","10","2023","05","685094","06","1","4","51","WA","6498","EBA","511219","001","010","2023-10-31","10","010","2023-10-31","10","010","2023-10-31","Belanja Pembulatan Gaji TNI/POLRI","3689","0");
INSERT INTO  realisasix VALUES("230915121917685094","09","2023","05","685094","06","1","4","51","WA","6498","EBA","511219","001","09","2023-09-30","9","09","2023-09-30","9","09","2023-09-30","Belanja Pembulatan Gaji TNI/POLRI","3637","0");
INSERT INTO  realisasix VALUES("230915121917685094","08","2023","05","685094","06","1","4","51","WA","6498","EBA","511219","001","08","2023-08-31","8","08","2023-08-31","8","08","2023-08-31","Belanja Pembulatan Gaji TNI/POLRI","3660","0");
INSERT INTO  realisasix VALUES("230915121917685094","07","2023","05","685094","06","1","4","51","WA","6498","EBA","511219","001","07","2023-07-31","7","07","2023-07-31","7","07","2023-07-31","Belanja Pembulatan Gaji TNI/POLRI","3304","0");
INSERT INTO  realisasix VALUES("230915121917685094","06","2023","05","685094","06","1","4","51","WA","6498","EBA","511219","001","06","2023-06-30","6","06","2023-06-30","6","06","2023-06-30","Belanja Pembulatan Gaji TNI/POLRI","8022","0");
INSERT INTO  realisasix VALUES("230915121917685094","05","2023","05","685094","06","1","4","51","WA","6498","EBA","511219","001","05","2023-05-31","5","05","2023-05-31","5","05","2023-05-31","Belanja Pembulatan Gaji TNI/POLRI","2809","0");
INSERT INTO  realisasix VALUES("230915121917685094","03","2023","05","685094","06","1","4","51","WA","6498","EBA","511219","001","03","2023-03-31","3","03","2023-03-31","3","03","2023-03-31","Belanja Pembulatan Gaji TNI/POLRI","3565","0");
INSERT INTO  realisasix VALUES("230915121917685094","04","2023","05","685094","06","1","4","51","WA","6498","EBA","511219","001","04","2023-04-30","4","04","2023-04-30","4","04","2023-04-30","Belanja Pembulatan Gaji TNI/POLRI","7826","0");
INSERT INTO  realisasix VALUES("230915121917685094","02","2023","05","685094","06","1","4","51","WA","6498","EBA","511219","001","02","2023-02-28","2","02","2023-02-28","2","02","2023-02-28","Belanja Pembulatan Gaji TNI/POLRI","3310","0");
INSERT INTO  realisasix VALUES("230915121917685094","01","2023","05","685094","06","1","4","51","WA","6498","EBA","511219","001","01","2023-01-31","1","01","2023-01-31","1","01","2023-01-31","Belanja Pembulatan Gaji TNI/POLRI","5247","0");
INSERT INTO  realisasix VALUES("230915121724685094","10","2023","05","685094","06","1","4","51","WA","6498","EBA","511211","001","010","2023-10-31","10","010","2023-10-31","10","010","2023-10-31","Belanja Gaji Pokok TNI/POLRI","347631800","0");
INSERT INTO  realisasix VALUES("230915121724685094","09","2023","05","685094","06","1","4","51","WA","6498","EBA","511211","001","09","2023-09-30","9","09","2023-09-30","9","09","2023-09-30","Belanja Gaji Pokok TNI/POLRI","376689100","0");
INSERT INTO  realisasix VALUES("230915121724685094","08","2023","05","685094","06","1","4","51","WA","6498","EBA","511211","001","08","2023-08-31","8","08","2023-08-31","8","08","2023-08-31","Belanja Gaji Pokok TNI/POLRI","373664900","0");
INSERT INTO  realisasix VALUES("230915121724685094","07","2023","05","685094","06","1","4","51","WA","6498","EBA","511211","001","07","2023-07-31","7","07","2023-07-31","7","07","2023-07-31","Belanja Gaji Pokok TNI/POLRI","383758600","0");
INSERT INTO  realisasix VALUES("230915121724685094","06","2023","05","685094","06","1","4","51","WA","6498","EBA","511211","001","06","2023-06-30","6","06","2023-06-30","6","06","2023-06-30","Belanja Gaji Pokok TNI/POLRI","707637900","0");
INSERT INTO  realisasix VALUES("230915121724685094","05","2023","05","685094","06","1","4","51","WA","6498","EBA","511211","001","05","2023-05-31","5","05","2023-05-31","5","05","2023-05-31","Belanja Gaji Pokok TNI/POLRI","326744700","0");
INSERT INTO  realisasix VALUES("230915121724685094","04","2023","05","685094","06","1","4","51","WA","6498","EBA","511211","001","04","2023-04-30","4","04","2023-04-30","4","04","2023-04-30","Belanja Gaji Pokok TNI/POLRI","759326600","0");
INSERT INTO  realisasix VALUES("230915121724685094","03","2023","05","685094","06","1","4","51","WA","6498","EBA","511211","001","03","2023-03-31","3","03","2023-03-31","3","03","2023-03-31","Belanja Gaji Pokok TNI/POLRI","360053800","0");
INSERT INTO  realisasix VALUES("230915121724685094","02","2023","05","685094","06","1","4","51","WA","6498","EBA","511211","001","02","2023-02-28","2","02","2023-02-28","2","02","2023-02-28","Belanja Gaji Pokok TNI/POLRI","377210000","0");
INSERT INTO  realisasix VALUES("230915121724685094","01","2023","05","685094","06","1","4","51","WA","6498","EBA","511211","001","01","2023-01-31","1","01","2023-01-31","1","01","2023-01-31","Belanja Gaji Pokok TNI/POLRI","647750600","0");
INSERT INTO  realisasix VALUES("230915120856685094","10","2023","05","685094","06","1","4","51","WA","6498","EBA","511193","001","010","2023-10-31","10","010","2023-10-31","10","010","2023-10-31","Belanja Tunjangan Umum PNS TNI/Polr","550000","0");
INSERT INTO  realisasix VALUES("230915120856685094","09","2023","05","685094","06","1","4","51","WA","6498","EBA","511193","001","09","2023-09-30","9","09","2023-09-30","9","09","2023-09-30","Belanja Tunjangan Umum PNS TNI/Polr","550000","0");
INSERT INTO  realisasix VALUES("230915120856685094","08","2023","05","685094","06","1","4","51","WA","6498","EBA","511193","001","08","2023-08-31","8","08","2023-08-31","8","08","2023-08-31","Belanja Tunjangan Umum PNS TNI/Polr","550000","0");
INSERT INTO  realisasix VALUES("230915120856685094","07","2023","05","685094","06","1","4","51","WA","6498","EBA","511193","001","07","2023-07-31","7","07","2023-07-31","7","07","2023-07-31","Belanja Tunjangan Umum PNS TNI/Polr","550000","0");
INSERT INTO  realisasix VALUES("230915120856685094","06","2023","05","685094","06","1","4","51","WA","6498","EBA","511193","001","06","2023-06-30","6","06","2023-06-30","6","06","2023-06-30","Belanja Tunjangan Umum PNS TNI/Polr","1100000","0");
INSERT INTO  realisasix VALUES("230915120856685094","05","2023","05","685094","06","1","4","51","WA","6498","EBA","511193","001","05","2023-05-31","5","05","2023-05-31","5","05","2023-05-31","Belanja Tunjangan Umum PNS TNI/Polr","550000","0");
INSERT INTO  realisasix VALUES("230915120856685094","04","2023","05","685094","06","1","4","51","WA","6498","EBA","511193","001","04","2023-04-30","4","04","2023-04-30","4","04","2023-04-30","Belanja Tunjangan Umum PNS TNI/Polr","1095000","0");
INSERT INTO  realisasix VALUES("230915120856685094","03","2023","05","685094","06","1","4","51","WA","6498","EBA","511193","001","03","2023-03-31","3","03","2023-03-31","3","03","2023-03-31","Belanja Tunjangan Umum PNS TNI/Polr","545000","0");
INSERT INTO  realisasix VALUES("230915120856685094","02","2023","05","685094","06","1","4","51","WA","6498","EBA","511193","001","02","2023-02-28","2","02","2023-02-28","2","02","2023-02-28","Belanja Tunjangan Umum PNS TNI/Polr","545000","0");
INSERT INTO  realisasix VALUES("230915120856685094","01","2023","05","685094","06","1","4","51","WA","6498","EBA","511193","001","01","2023-01-31","1","01","2023-01-31","1","01","2023-01-31","Belanja Tunjangan Umum PNS TNI/Polr","1460000","0");
INSERT INTO  realisasix VALUES("230915120747685094","09","2023","05","685094","06","1","4","51","WA","6498","EBA","511179","001","09","2023-09-30","9","09","2023-09-30","9","09","2023-09-30","Belanja Uang Makan PNS TNI/Polri ","2398000","0");
INSERT INTO  realisasix VALUES("230915120747685094","10","2023","05","685094","06","1","4","51","WA","6498","EBA","511179","001","010","2023-10-31","10","010","2023-10-31","10","010","2023-10-31","Belanja Uang Makan PNS TNI/Polri ","2180000","0");
INSERT INTO  realisasix VALUES("230915120747685094","08","2023","05","685094","06","1","4","51","WA","6498","EBA","511179","001","08","2023-08-31","8","08","2023-08-31","8","08","2023-08-31","Belanja Uang Makan PNS TNI/Polri ","2180000","0");
INSERT INTO  realisasix VALUES("230915120747685094","07","2023","05","685094","06","1","4","51","WA","6498","EBA","511179","001","07","2023-07-31","7","07","2023-07-31","7","07","2023-07-31","Belanja Uang Makan PNS TNI/Polri ","1853000","0");
INSERT INTO  realisasix VALUES("230915120747685094","06","2023","05","685094","06","1","4","51","WA","6498","EBA","511179","001","06","2023-06-30","6","06","2023-06-30","6","06","2023-06-30","Belanja Uang Makan PNS TNI/Polri ","2289000","0");
INSERT INTO  realisasix VALUES("230915120747685094","05","2023","05","685094","06","1","4","51","WA","6498","EBA","511179","001","05","2023-05-31","5","05","2023-05-31","5","05","2023-05-31","Belanja Uang Makan PNS TNI/Polri ","1526000","0");
INSERT INTO  realisasix VALUES("230915120747685094","04","2023","05","685094","06","1","4","51","WA","6498","EBA","511179","001","04","2023-04-30","4","04","2023-04-30","4","04","2023-04-30","Belanja Uang Makan PNS TNI/Polri ","2247000","0");
INSERT INTO  realisasix VALUES("230915120747685094","03","2023","05","685094","06","1","4","51","WA","6498","EBA","511179","001","03","2023-03-31","3","03","2023-03-31","3","03","2023-03-31","Belanja Uang Makan PNS TNI/Polri ","2140000","0");
INSERT INTO  realisasix VALUES("230915120747685094","02","2023","05","685094","06","1","4","51","WA","6498","EBA","511179","001","02","2023-02-28","2","02","2023-02-28","2","02","2023-02-28","Belanja Uang Makan PNS TNI/Polri ","3024000","0");
INSERT INTO  realisasix VALUES("230915120528685094","10","2023","05","685094","06","1","4","51","WA","6498","EBA","511176","001","010","2023-10-31","10","010","2023-10-31","10","010","2023-10-31","Belanja Tunj. Beras PNS TNI/Polri ","434520","0");
INSERT INTO  realisasix VALUES("230915120528685094","09","2023","05","685094","06","1","4","51","WA","6498","EBA","511176","001","09","2023-09-30","9","09","2023-09-30","9","09","2023-09-30","Belanja Tunj. Beras PNS TNI/Polri ","434520","0");
INSERT INTO  realisasix VALUES("230915120528685094","08","2023","05","685094","06","1","4","51","WA","6498","EBA","511176","001","08","2023-08-31","8","08","2023-08-31","8","08","2023-08-31","Belanja Tunj. Beras PNS TNI/Polri ","434520","0");
INSERT INTO  realisasix VALUES("230915120528685094","07","2023","05","685094","06","1","4","51","WA","6498","EBA","511176","001","07","2023-07-31","7","07","2023-07-31","7","07","2023-07-31","Belanja Tunj. Beras PNS TNI/Polri ","434520","0");
INSERT INTO  realisasix VALUES("230915120528685094","06","2023","05","685094","06","1","4","51","WA","6498","EBA","511176","001","06","2023-06-30","6","06","2023-06-30","6","06","2023-06-30","Belanja Tunj. Beras PNS TNI/Polri ","869040","0");
INSERT INTO  realisasix VALUES("230915120528685094","02","2023","05","685094","06","1","4","51","WA","6498","EBA","511176","001","02","2023-02-28","2","02","2023-02-28","2","02","2023-02-28","Belanja Tunj. Beras PNS TNI/Polri ","434520","0");
INSERT INTO  realisasix VALUES("230915120528685094","03","2023","05","685094","06","1","4","51","WA","6498","EBA","511176","001","03","2023-03-31","3","03","2023-03-31","3","03","2023-03-31","Belanja Tunj. Beras PNS TNI/Polri ","434520","0");
INSERT INTO  realisasix VALUES("230915120528685094","04","2023","05","685094","06","1","4","51","WA","6498","EBA","511176","001","04","2023-04-30","4","04","2023-04-30","4","04","2023-04-30","Belanja Tunj. Beras PNS TNI/Polri ","869040","0");
INSERT INTO  realisasix VALUES("230915120528685094","05","2023","05","685094","06","1","4","51","WA","6498","EBA","511176","001","05","2023-05-31","5","05","2023-05-31","5","05","2023-05-31","Belanja Tunj. Beras PNS TNI/Polri ","434520","0");
INSERT INTO  realisasix VALUES("230915115635685094","07","2023","05","685094","06","1","4","51","WA","6498","EBA","511171","001","07","2023-07-31","7","07","2023-07-31","7","07","2023-07-31","Belanja Tunj. Suami/Istri PNS TNI/Polri ","301200","0");
INSERT INTO  realisasix VALUES("230915115635685094","08","2023","05","685094","06","1","4","51","WA","6498","EBA","511171","001","08","2023-08-31","8","08","2023-08-31","8","08","2023-08-31","Belanja Tunj. Suami/Istri PNS TNI/Polri ","301200","0");
INSERT INTO  realisasix VALUES("230915115635685094","09","2023","05","685094","06","1","4","51","WA","6498","EBA","511171","001","09","2023-09-30","9","09","2023-09-30","9","09","2023-09-30","Belanja Tunj. Suami/Istri PNS TNI/Polri ","301200","0");
INSERT INTO  realisasix VALUES("230915115635685094","10","2023","05","685094","06","1","4","51","WA","6498","EBA","511171","001","010","2023-10-31","10","010","2023-10-31","10","010","2023-10-31","Belanja Tunj. Suami/Istri PNS TNI/Polri ","301200","0");
INSERT INTO  realisasix VALUES("230915120528685094","01","2023","05","685094","06","1","4","51","WA","6498","EBA","511176","001","01","2023-01-31","1","01","2023-01-31","1","01","2023-01-31","Belanja Tunj. Beras PNS TNI/Polri ","1448400","0");
INSERT INTO  realisasix VALUES("230915115635685094","01","2023","05","685094","06","1","4","51","WA","6498","EBA","511171","001","01","2023-01-31","1","01","2023-01-31","1","01","2023-01-31","Belanja Tunj. Suami/Istri PNS TNI/Polri ","1180360","0");
INSERT INTO  realisasix VALUES("230915115635685094","02","2023","05","685094","06","1","4","51","WA","6498","EBA","511171","001","02","2023-02-28","2","02","2023-02-28","2","02","2023-02-28","Belanja Tunj. Suami/Istri PNS TNI/Polri ","288980","0");
INSERT INTO  realisasix VALUES("230915115635685094","03","2023","05","685094","06","1","4","51","WA","6498","EBA","511171","001","03","2023-03-31","3","03","2023-03-31","3","03","2023-03-31","Belanja Tunj. Suami/Istri PNS TNI/Polri ","288980","0");
INSERT INTO  realisasix VALUES("230915115635685094","04","2023","05","685094","06","1","4","51","WA","6498","EBA","511171","001","04","2023-04-30","4","04","2023-04-30","4","04","2023-04-30","Belanja Tunj. Suami/Istri PNS TNI/Polri ","590180","0");
INSERT INTO  realisasix VALUES("230915115635685094","05","2023","05","685094","06","1","4","51","WA","6498","EBA","511171","001","05","2023-05-31","5","05","2023-05-31","5","05","2023-05-31","Belanja Tunj. Suami/Istri PNS TNI/Polri ","301200","0");
INSERT INTO  realisasix VALUES("230915115635685094","06","2023","05","685094","06","1","4","51","WA","6498","EBA","511171","001","06","2023-06-30","6","06","2023-06-30","6","06","2023-06-30","Belanja Tunj. Suami/Istri PNS TNI/Polri ","602400","0");
INSERT INTO  realisasix VALUES("230915115259685094","07","2023","05","685094","06","1","4","51","WA","6498","EBA","511169","001","07","2023-07-31","7","07","2023-07-31","7","07","2023-07-31","Belanja Pembulatan Gaji PNS TNI/Polri","167","0");
INSERT INTO  realisasix VALUES("230915115259685094","08","2023","05","685094","06","1","4","51","WA","6498","EBA","511169","001","08","2023-08-31","8","08","2023-08-31","8","08","2023-08-31","Belanja Pembulatan Gaji PNS TNI/Polri","167","0");
INSERT INTO  realisasix VALUES("230915115259685094","10","2023","05","685094","06","1","4","51","WA","6498","EBA","511169","001","010","2023-10-31","10","010","2023-10-31","10","010","2023-10-31","Belanja Pembulatan Gaji PNS TNI/Polri","167","0");
INSERT INTO  realisasix VALUES("230915115259685094","09","2023","05","685094","06","1","4","51","WA","6498","EBA","511169","001","09","2023-09-30","9","09","2023-09-30","9","09","2023-09-30","Belanja Pembulatan Gaji PNS TNI/Polri","167","0");
INSERT INTO  realisasix VALUES("230915115259685094","06","2023","05","685094","06","1","4","51","WA","6498","EBA","511169","001","06","2023-06-30","6","06","2023-06-30","6","06","2023-06-30","Belanja Pembulatan Gaji PNS TNI/Polri","367","0");
INSERT INTO  realisasix VALUES("230915115259685094","04","2023","05","685094","06","1","4","51","WA","6498","EBA","511169","001","04","2023-04-30","4","04","2023-04-30","4","04","2023-04-30","Belanja Pembulatan Gaji PNS TNI/Polri","375","0");
INSERT INTO  realisasix VALUES("230915115259685094","05","2023","05","685094","06","1","4","51","WA","6498","EBA","511169","001","05","2023-05-31","5","05","2023-05-31","5","05","2023-05-31","Belanja Pembulatan Gaji PNS TNI/Polri","167","0");
INSERT INTO  realisasix VALUES("230915115259685094","02","2023","05","685094","06","1","4","51","WA","6498","EBA","511169","001","02","2023-02-28","2","02","2023-02-28","2","02","2023-02-28","Belanja Pembulatan Gaji PNS TNI/Polri","187","0");
INSERT INTO  realisasix VALUES("230915115259685094","03","2023","05","685094","06","1","4","51","WA","6498","EBA","511169","001","03","2023-03-31","3","03","2023-03-31","3","03","2023-03-31","Belanja Pembulatan Gaji PNS TNI/Polri","187","0");
INSERT INTO  realisasix VALUES("230915115259685094","01","2023","05","685094","06","1","4","51","WA","6498","EBA","511169","001","01","2023-01-31","1","01","2023-01-31","1","01","2023-01-31","Belanja Pembulatan Gaji PNS TNI/Polri","474","0");
INSERT INTO  realisasix VALUES("230914144930685094","10","2023","05","685094","06","1","4","52","AC","1466","AEF","521211","009","010","2023-10-31","10","010","2023-10-31","10","010","2023-10-31","Pembinaan Keuangan TA 2023","3000000","0");
INSERT INTO  realisasix VALUES("230926141408685094","07","2023","05","685094","06","1","4","51","WA","6498","EBA","511172","001","07","2023-07-31","7","07","2023-07-31","7","07","2023-07-31","Belanja Tunj. Anak PNS TNI/Polri","120480","0");
INSERT INTO  realisasix VALUES("230926141408685094","08","2023","05","685094","06","1","4","51","WA","6498","EBA","511172","001","08","2023-08-31","8","08","2023-08-31","8","08","2023-08-31","Belanja Tunj. Anak PNS TNI/Polri","120480","0");
INSERT INTO  realisasix VALUES("230926141408685094","09","2023","05","685094","06","1","4","51","WA","6498","EBA","511172","001","09","2023-09-30","9","09","2023-09-30","9","09","2023-09-30","Belanja Tunj. Anak PNS TNI/Polri","120480","0");
INSERT INTO  realisasix VALUES("230926141408685094","10","2023","05","685094","06","1","4","51","WA","6498","EBA","511172","001","010","2023-10-31","10","010","2023-10-31","10","010","2023-10-31","Belanja Tunj. Anak PNS TNI/Polri","120480","0");



DELETE FROM  realisasi_bpjs where kdkotama=05;




DELETE FROM  realisasi_yanmasum where kdkotama=05;




DELETE FROM  realisasi_blu where kdkotama=05;




DELETE FROM  realisasi_kapitasi where kdkotama=05;




DELETE FROM   realisasi_hibah where kdkotama=05;




DELETE FROM  tunkin where kdkotama=05;




DELETE FROM  pengembalian where kdkotama=05;




DELETE FROM  kopstuk where kdkotama=05;

INSERT INTO  kopstuk VALUES("2023091414350805000000","05","000000","MARKAS BESAR ANGKATAN DARAT","SAHLI","56","56");
INSERT INTO  kopstuk VALUES("2023092618383605685094","05","685094","MARKAS BESAR TNI ANGKATAN DARAT","STAF AHLI","60","60");



DELETE FROM  tajuk_ttd where kdkotama=05;

INSERT INTO  tajuk_ttd VALUES("2023110214145205685094","09","2023","05","685094","","","a.n. Koordinator Staf Ahli Kasad","Paban Ren,","Nugroho Imam Santoso, S.E., M.M.","Kolonel Inf 11960048300175");
INSERT INTO  tajuk_ttd VALUES("2023092716304905685094","08","2023","05","685094","","","Koordinator Staf Ahli Kasad","","I Nyoman Cantiasa, S.E., M.Tr (Han)","Letnan Jenderal TNI");
INSERT INTO  tajuk_ttd VALUES("2023092618444605685094","01","2023","05","685094","","","Koordinator Staf Ahli Kasad","","Ignatius Yogo Triyono, M.A.","Letnan Jenderal TNI");
INSERT INTO  tajuk_ttd VALUES("2023092619054705685094","02","2023","05","685094","","","Koordinator Staf Ahli Kasad","","Ignatius Yogo Triyono, M.A.","Letnan Jenderal TNI");
INSERT INTO  tajuk_ttd VALUES("2023092710524105685094","03","2023","05","685094","","","Koordinator Staf Ahli Kasad","","Ignatius Yogo Triyono, M.A.","Letnan Jenderal TNI");
INSERT INTO  tajuk_ttd VALUES("2023092710583305685094","04","2023","05","685094","","","Koordinator Staf Ahli Kasad","","Ignatius Yogo Triyono, M.A.","Letnan Jenderal TNI");
INSERT INTO  tajuk_ttd VALUES("2023092715465705685094","05","2023","05","685094","","","Koordinator Staf Ahli Kasad","","Ignatius Yogo Triyono, M.A.","Letnan Jenderal TNI");
INSERT INTO  tajuk_ttd VALUES("2023092716080005685094","06","2023","05","685094","","","Koordinator Staf Ahli Kasad","","Ignatius Yogo Triyono, M.A.","Letnan Jenderal TNI");
INSERT INTO  tajuk_ttd VALUES("2023092716222005685094","07","2023","05","685094","","","Koordinator Staf Ahli Kasad","","I Nyoman Cantiasa, S.E., M.Tr (Han)","Letnan Jenderal TNI");
INSERT INTO  tajuk_ttd VALUES("2023091414334405000000","01","2023","05","000000","","","a.n. Koorsahli Kasad","Paban Sahli,","Nama","Pangkat NRP");
INSERT INTO  tajuk_ttd VALUES("2023110610280305685094","10","2023","05","685094","","","a.n. Koordinator Staf Ahli Kasad","Paban Ren,","Nugroho Imam Santoso, S.E., M.M.","Kolonel Inf 11960048300175");



DELETE FROM  lamp_laplakgar where kdkotama=05;

INSERT INTO  lamp_laplakgar VALUES("2023100212483005685094","09","2023","05","685094","Surat Koorsahli Kasad","B/      /  X  / 2023","     Oktober 2023","47","236");
INSERT INTO  lamp_laplakgar VALUES("2023092710520705685094","03","2023","05","685094","Surat Koorsahli Kasad","B/  235   /  III  / 2023","31 Maret 2023","47","236");
INSERT INTO  lamp_laplakgar VALUES("2023092716322305685094","08","2023","05","685094","Surat Koorsahli Kasad","B/   257   /  VIII  / 2023","31 Agustus 2023","47","236");
INSERT INTO  lamp_laplakgar VALUES("2023092716170405685094","07","2023","05","685094","Surat Koorsahli Kasad","B/   713   /  VII  / 2023","31 Juli 2023","47","236");
INSERT INTO  lamp_laplakgar VALUES("2023092715484905685094","05","2023","05","685094","Surat Koorsahli Kasad","B/   404   /  V  / 2023","31 Mei 2023","47","236");
INSERT INTO  lamp_laplakgar VALUES("2023092619073105685094","02","2023","05","685094","Surat Koorsahli Kasad","B/   165  /  II  / 2023","28 Februari 2023","47","236");
INSERT INTO  lamp_laplakgar VALUES("2023092716093505685094","06","2023","05","685094","Surat Koorsahli Kasad","B/   565   /  VI  / 2023","30 Juni 2023","47","236");
INSERT INTO  lamp_laplakgar VALUES("2023092618480605685094","01","2023","05","685094","Surat Koorsahli Kasad","B/  104  / I / 2023","31 Januari 2023","47","236");
INSERT INTO  lamp_laplakgar VALUES("2023092711020505685094","04","2023","05","685094","Surat Koorsahli Kasad","B/   285   /  IV  / 2023","30 April 2023","47","236");
INSERT INTO  lamp_laplakgar VALUES("2023110610290705685094","10","2023","05","685094","Surat Koorsahli Kasad","B/      /  XI  / 2023","     November 2023","47","236");
INSERT INTO  lamp_laplakgar VALUES("2023091414373805000000","01","2023","05","000000","Koorsahli Kasad","B/     / I  / 2023","Januari 2023","54","230");



DELETE FROM   surat where kdkotama=05;

INSERT INTO   surat VALUES("231106103306685094","05","685094","10","2023","B/       /  XI  / 2023","Biasa","Sembilan Lembar","Laporan Pelaksanaan Anggaran","Kepala Staf Angkatan Darat","Jakarta,      November 2023","Jakarta","Asrena","Peraturan Kasad Nomor 14 tahun 2020 tanggal 18 Desember 2021 tentang Petunjuk Pelaksanaan  Program dan Anggaran TNI AD TA 2022","Keputusan Kasad Nomor Kep/951/X/2019 Tanggal 11 Oktober 2019 tentang Penyusunan Laporan Pelaksanaan Anggaran di lingkungan TNI AD; dan","Program Kerja dan Anggaran Staf Ahli Kasad TA. 2023","61","~~~~~");
INSERT INTO   surat VALUES("230926190326685094","05","685094","02","2023","B/   165   /  II  / 2023","Biasa","Empat Lembar","Laporan Pelaksanaan Anggaran","Asrena Kasad","Jakarta,      Februari 2023","Jakarta","Paban V/Lakgar Srenaad","Peraturan Kasad Nomor 14 tahun 2020 tanggal 18 Desember 2021 tentang Petunjuk Pelaksanaan  Program dan Anggaran TNI AD TA 2022","Keputusan Kasad Nomor Kep/951/X/2019 Tanggal 11 Oktober 2019 tentang Penyusunan Laporan Pelaksanaan Anggaran di lingkungan TNI AD; dan","Program Kerja dan Anggaran Staf Ahli Kasad TA. 2023","61","~~~~~");
INSERT INTO   surat VALUES("230926185259685094","05","685094","01","2023","B/  104  / I / 2023","Biasa","Empat Lembar","Laporan Pelaksanaan Anggaran","Asrena Kasad","Jakarta,      Januari 2023","Jakarta","Paban V/Lakgar Srenaad","Peraturan Kasad Nomor 14 tahun 2020 tanggal 18 Desember 2021 tentang Petunjuk Pelaksanaan  Program dan Anggaran TNI AD TA 2022","Keputusan Kasad Nomor Kep/951/X/2019 Tanggal 11 Oktober 2019 tentang Penyusunan Laporan Pelaksanaan Anggaran di lingkungan TNI AD; dan","Program Kerja dan Anggaran Staf Ahli Kasad TA. 2023","61","~~~~~");
INSERT INTO   surat VALUES("230927163346685094","05","685094","08","2023","B/   257   /  VIII  / 2023","Biasa","Empat Lembar","Laporan Pelaksanaan Anggaran","Asrena Kasad","Jakarta,      Agustus 2023","Jakarta","Paban V/Lakgar Srenaad","Peraturan Kasad Nomor 14 tahun 2020 tanggal 18 Desember 2021 tentang Petunjuk Pelaksanaan  Program dan Anggaran TNI AD TA 2022","Keputusan Kasad Nomor Kep/951/X/2019 Tanggal 11 Oktober 2019 tentang Penyusunan Laporan Pelaksanaan Anggaran di lingkungan TNI AD; dan","Program Kerja dan Anggaran Staf Ahli Kasad TA. 2023","61","~~~~~");
INSERT INTO   surat VALUES("230927104946685094","05","685094","03","2023","B/   235   /  III  / 2023","Biasa","Empat Lembar","Laporan Pelaksanaan Anggaran","Asrena Kasad","Jakarta,      Maret 2023","Jakarta","Paban V/Lakgar Srenaad","Peraturan Kasad Nomor 14 tahun 2020 tanggal 18 Desember 2021 tentang Petunjuk Pelaksanaan  Program dan Anggaran TNI AD TA 2022","Keputusan Kasad Nomor Kep/951/X/2019 Tanggal 11 Oktober 2019 tentang Penyusunan Laporan Pelaksanaan Anggaran di lingkungan TNI AD; dan","Program Kerja dan Anggaran Staf Ahli Kasad TA. 2023","61","~~~~~");
INSERT INTO   surat VALUES("230927115047685094","05","685094","04","2023","B/   285   /  IV  / 2023","Biasa","Empat Lembar","Laporan Pelaksanaan Anggaran","Asrena Kasad","Jakarta,      April 2023","Jakarta","Paban V/Lakgar Srenaad","Peraturan Kasad Nomor 14 tahun 2020 tanggal 18 Desember 2021 tentang Petunjuk Pelaksanaan  Program dan Anggaran TNI AD TA 2022","Keputusan Kasad Nomor Kep/951/X/2019 Tanggal 11 Oktober 2019 tentang Penyusunan Laporan Pelaksanaan Anggaran di lingkungan TNI AD; dan","Program Kerja dan Anggaran Staf Ahli Kasad TA. 2023","61","~~~~~");
INSERT INTO   surat VALUES("230927161841685094","05","685094","07","2023","B/   713   /  VII  / 2023","Biasa","Empat Lembar","Laporan Pelaksanaan Anggaran","Asrena Kasad","Jakarta,      Juli 2023","Jakarta","Paban V/Lakgar Srenaad","Peraturan Kasad Nomor 14 tahun 2020 tanggal 18 Desember 2021 tentang Petunjuk Pelaksanaan  Program dan Anggaran TNI AD TA 2022","Keputusan Kasad Nomor Kep/951/X/2019 Tanggal 11 Oktober 2019 tentang Penyusunan Laporan Pelaksanaan Anggaran di lingkungan TNI AD; dan","Program Kerja dan Anggaran Staf Ahli Kasad TA. 2023","61","~~~~~");
INSERT INTO   surat VALUES("230927155123685094","05","685094","05","2023","B/   404   /  V  / 2023","Biasa","Empat Lembar","Laporan Pelaksanaan Anggaran","Asrena Kasad","Jakarta,      Mei 2023","Jakarta","Paban V/Lakgar Srenaad","Peraturan Kasad Nomor 14 tahun 2020 tanggal 18 Desember 2021 tentang Petunjuk Pelaksanaan  Program dan Anggaran TNI AD TA 2022","Keputusan Kasad Nomor Kep/951/X/2019 Tanggal 11 Oktober 2019 tentang Penyusunan Laporan Pelaksanaan Anggaran di lingkungan TNI AD; dan","Program Kerja dan Anggaran Staf Ahli Kasad TA. 2023","61","~~~~~");
INSERT INTO   surat VALUES("231002125048685094","05","685094","09","2023","B/        / X / 2023","Biasa","Empat Lembar","Laporan Pelaksanaan Anggaran","Kepala Staf Angkatan Darat","Jakarta,      Oktober 2023","Jakarta","Asrena","Peraturan Kasad Nomor 14 tahun 2020 tanggal 18 Desember 2021 tentang Petunjuk Pelaksanaan  Program dan Anggaran TNI AD TA 2022","Keputusan Kasad Nomor Kep/951/X/2019 Tanggal 11 Oktober 2019 tentang Penyusunan Laporan Pelaksanaan Anggaran di lingkungan TNI AD; dan","Program Kerja dan Anggaran Staf Ahli Kasad TA. 2023 ","61","~~~~~");
INSERT INTO   surat VALUES("230927161143685094","05","685094","06","2023","B/   565   /  VI  / 2023","Biasa","Empat Lembar","Laporan Pelaksanaan Anggaran","Asrena Kasad","Jakarta,      Juni 2023","Jakarta","Paban V/Lakgar Srenaad","Peraturan Kasad Nomor 14 tahun 2020 tanggal 18 Desember 2021 tentang Petunjuk Pelaksanaan  Program dan Anggaran TNI AD TA 2022","Keputusan Kasad Nomor Kep/951/X/2019 Tanggal 11 Oktober 2019 tentang Penyusunan Laporan Pelaksanaan Anggaran di lingkungan TNI AD; dan","Program Kerja dan Anggaran Staf Ahli Kasad TA. 2023","61","~~~~~");



DELETE FROM  tembusan where kdkotama=05;

INSERT INTO  tembusan VALUES("231102142350685094","05","685094","3","Koorsahli Kasad");
INSERT INTO  tembusan VALUES("23092709325605","05","685094","99","115");
INSERT INTO  tembusan VALUES("231003122233685094","05","685094","6","Kakupus I Ditkuad");
INSERT INTO  tembusan VALUES("231003122041685094","05","685094","4","Dirkuad");
INSERT INTO  tembusan VALUES("231003122032685094","05","685094","2","Irjenad");
INSERT INTO  tembusan VALUES("231003122325685094","05","685094","7","Paku Sahli Kasad NA.2.01.22");
INSERT INTO  tembusan VALUES("231003122204685094","05","685094","5","Paban II/Renproggar, IV/Dalproggar dan V/Lakgar Sr");
INSERT INTO  tembusan VALUES("231003122019685094","05","685094","1","Kasad");



DELETE FROM  pnbpum where kdkotama=05;




DELETE FROM  realisasi_pnbpum where kdkotama=05;




DELETE FROM  laphibah where kdkotama=05;




DELETE FROM  sbsn where kdkotama=05;




DELETE FROM  realisasi_sbsn where kdkotama=05;




