DELETE FROM dipa where kdkotama=15 and kdsatker=344335;

INSERT INTO dipa VALUES("210315151151344335","06","2021","15","344335","012","22","02","02","WA","1483","EAB","344335","1","4","52","521119","07","2","0002","Sun Renbutgar TA. 2023","0","15000000","15000000","Belanja Barang Operasional Lainnya","Sun Jukcan Kotama Tahun 2022","");
INSERT INTO dipa VALUES("210307171526344335","03","2021","15","344335","012","22","02","01","AC","1471","DCG","344335","1","4","52","521211","08","1","0001","Belanja Bahan","0","283872000","283872000","Belanja Bahan","Bel Bahan Pelaksanaan Dikbangspesba","");
INSERT INTO dipa VALUES("210307161856344335","04","2021","15","344335","012","22","02","02","WA","1480","EAA","344335","1","4","52","521112","10","1","0001","Rindam XIV/Hsn","0","120900000","120900000","Belanja Pengadaan Bahan Makanan","Uang Makan Prophilaxis","");
INSERT INTO dipa VALUES("210307161624344335","03","2021","15","344335","012","22","02","02","WA","1478","EAF","344335","1","4","52","521119","73","1","0001","Rindam","0","1500000","1500000","Belanja Barang Operasional Lainnya","Penyelenggaraan Pemberhentian Prajuirt TNI AD","");
INSERT INTO dipa VALUES("210307154803344335","02","2021","15","344335","012","22","02","02","WA","1453","EAL","344335","1","4","52","524111","09","1","0001","Aswasdallat/Dalwaslat ","0","4500000","4500000","Belanja Perjalanan Dinas Biasa","BPD Aswasdallat","");
INSERT INTO dipa VALUES("210307155654344335","03","2021","15","344335","012","22","02","02","WA","1474","EAA","344335","1","4","51","511237","01","1","0001","Belanja Tunj. Keahlian/Keterampilan TNI","496680000","0","496680000","Belanja Tunjangan Keahlian/ KeterampilanTNI/POLRI","Tunj. Keahlian/Keterampilan TNI/POLRI","");
INSERT INTO dipa VALUES("210305080702344335","03","2021","15","344335","012","22","02","01","AC","1471","DCG","344335","1","4","52","521219","11","1","0001","Belanja Barang Non Ops lainnya","0","10400000","10400000","Belanja Barang Non Operasional Lainnya","Dukops Pelaksanaan Dikbangspesta","");
INSERT INTO dipa VALUES("210205142329344335","06","2021","15","344335","012","22","02","02","WA","1482","EAC","344335","1","4","52","521219","05","1","0001","Pembinaan ZI Satker TA 2021","5000000","0","5000000","Belanja Barang Non Operasional Lainnya","Pembinaan ZI Satker TNI AD TA 2021","");
INSERT INTO dipa VALUES("210307162504344335","06","2021","15","344335","012","22","02","02","WA","1482","EAC","344335","1","4","52","521219","03","1","0001","Pembinaan Agen Perubahan Satker TA 2021","5000000","0","5000000","Belanja Barang Non Operasional Lainnya","Pembinaan Agen Perubahan Satker TNI AD","");
INSERT INTO dipa VALUES("210205142536344335","06","2021","15","344335","012","22","02","02","WA","1482","EAC","344335","1","4","52","521211","10","1","0001","Cetak Dokumen SOP AP Satker Ta 2021","3000000","-3000000","0","Belanja Bahan","Cetak Dok SOP AP Satker TA 2021","");
INSERT INTO dipa VALUES("210205142712344335","06","2021","15","344335","012","22","02","02","WA","1483","EAB","344335","1","4","52","521119","07","1","0001","Sun Jukcan Satker Tahun 2022","15000000","-5000000","10000000","Belanja Barang Operasional Lainnya","Sun Jukcan Kotama Tahun 2022","");
INSERT INTO dipa VALUES("210307160839344335","03","2021","15","344335","012","22","02","02","WA","1475","EAA","344335","1","4","52","524111","15","1","0001","BPD Mutasi THP I","0","161742000","161742000","Belanja Perjalanan Dinas Biasa","BPD Mutasi","");
INSERT INTO dipa VALUES("210307160535344335","03","2021","15","344335","012","22","02","02","WA","1475","EAA","344335","1","4","52","524111","12","1","0001","BPD Serdik","0","2000000000","2000000000","Belanja Perjalanan Dinas Biasa","BPD Lemdik","");
INSERT INTO dipa VALUES("210305125824344335","07","2021","15","344335","012","22","02","01","AC","1466","DCG","344335","1","4","52","521119","02","1","0001","Opslat,Serpas,BBM Manuver Ranpur Lattis dan Aswasdallat/Dalwaslat Terp","0","202720000","202720000","Belanja Barang Operasional Lainnya","Opslat/Serpas/BBM Manuver Ranpur Latis dan Aswasdallat Latsat","");
INSERT INTO dipa VALUES("210305125027344335","07","2021","15","344335","012","22","02","01","AC","1466","DCG","344335","1","4","52","521119","02","1","0001","Opslat,Serpas,BBM Manuver Ranpur Lattis dan Aswasdallat/Dalwaslat Terp","0","141400000","141400000","Belanja Barang Operasional Lainnya","Opslat/Serpas/BBM Manuver Ranpur Latis dan Aswasdallat Latsat","");
INSERT INTO dipa VALUES("210305144505344335","03","2021","15","344335","012","22","02","02","WA","1474","EAF","344335","1","4","52","521119","02","1","0001","Gar Tes Maptajas Periodik","0","3000000","3000000","Belanja Barang Operasional Lainnya","Bel Brg Ops Bin Olahraga","");
INSERT INTO dipa VALUES("210305124613344335","02","2021","15","344335","012","22","02","02","WA","1453","EAL","344335","1","4","52","521219","02","1","0001","Aswasdallat/Dalwaslat ","0","2000000","2000000","Belanja Barang Non Operasional Lainnya","Bel Brg Non Ops Aswasdallat","");
INSERT INTO dipa VALUES("210305124337344335","06","2021","15","344335","012","22","02","02","WA","1453","EAJ","344335","1","4","52","521119","07","1","0001","Honor Sisforen","0","800000","800000","Belanja Barang Operasional Lainnya","Honor Sisforen","");
INSERT INTO dipa VALUES("210305085916344335","03","2021","15","344335","012","22","02","01","AC","1472","DCG","344335","1","4","52","521211","12","1","0001","Belanja Bahan","0","652000","652000","Belanja Bahan","Bel Bahan Peengakhiran Pendidikan Keahlian","");
INSERT INTO dipa VALUES("210305085726344335","03","2021","15","344335","012","22","02","01","AC","1472","DCG","344335","1","4","52","524111","04","1","0001","Belanja Perjalanan Dinas Biasa","0","4800000","4800000","Belanja Perjalanan Dinas Biasa","BPD Pelaksanaan Pendidikan Keahlian","");
INSERT INTO dipa VALUES("210305085619344335","03","2021","15","344335","012","22","02","01","AC","1472","DCG","344335","1","4","52","521219","02","1","0001","Belanja Barang Non Ops lainnya","0","32400000","32400000","Belanja Barang Non Operasional Lainnya","Dukops Pelaksanaan Pendidikan Keahlian","");
INSERT INTO dipa VALUES("210305085531344335","03","2021","15","344335","012","22","02","01","AC","1472","DCG","344335","1","4","52","521213","03","1","0001","Belanja Honor Output Kegiatan","0","119280000","119280000","Belanja Honor Output Kegiatan","Honor Pelaksanaan Pendidikan Keahlian","");
INSERT INTO dipa VALUES("210305085350344335","03","2021","15","344335","012","22","02","01","AC","1472","DCG","344335","1","4","52","521211","01","1","0001","Belanja Bahan","0","160736000","160736000","Belanja Bahan","Bel Bahan Pelaksanaan Pendidikan Keahlian","");
INSERT INTO dipa VALUES("210305085250344335","03","2021","15","344335","012","22","02","01","AC","1472","DCG","344335","1","4","52","521211","11","1","0001","Belanja Bahan","0","452000","452000","Belanja Bahan","Bel Bahan Persiapan Pendidikan Keahlian","");
INSERT INTO dipa VALUES("210305083943344335","03","2021","15","344335","012","22","02","01","AC","1471","DCG","344335","1","4","52","521211","39","1","0001","Belanja Bahan","0","21190000","21190000","Belanja Bahan","Bel Bahan Pengakhiran Dikjurta","");
INSERT INTO dipa VALUES("210305083756344335","03","2021","15","344335","012","22","02","01","AC","1471","DCG","344335","1","4","52","524111","23","1","0001","Belanja Perjalanan Dinas Biasa","0","39180000","39180000","Belanja Perjalanan Dinas Biasa","BPD Pelaksanaan Dikjur Tamtama","");
INSERT INTO dipa VALUES("210305083502344335","03","2021","15","344335","012","22","02","01","AC","1471","DCG","344335","1","4","52","521219","13","1","0001","Belanja Barang Non Ops lainnya","0","352620000","352620000","Belanja Barang Non Operasional Lainnya","Dukops Pelaksanaan Dikjur Tamtama","");
INSERT INTO dipa VALUES("210305083341344335","03","2021","15","344335","012","22","02","01","AC","1471","DCG","344335","1","4","52","521213","22","1","0001","Belanja Honor Output Kegiatan","0","2666199000","2666199000","Belanja Honor Output Kegiatan","Honor Pelaksanaan Dikjurta","");
INSERT INTO dipa VALUES("210305083235344335","03","2021","15","344335","012","22","02","01","AC","1471","DCG","344335","1","4","52","521211","20","1","0001","Belanja Bahan","0","3549457000","3549457000","Belanja Bahan","Bel Bahan Pelaksanaan Dikjur Tamtama","");
INSERT INTO dipa VALUES("210305083125344335","03","2021","15","344335","012","22","02","01","AC","1471","DCG","344335","1","4","52","521211","38","1","0001","Belanja Bahan","0","14660000","14660000","Belanja Bahan","Bel Bahan Persiapan Dikjurta","");
INSERT INTO dipa VALUES("210305081627344335","03","2021","15","344335","012","22","02","01","AC","1471","DCG","344335","1","4","52","521211","37","1","0001","Belanja Bahan","0","2132000","2132000","Belanja Bahan","Bel Bahan Pengakhiran Dikbangspesta","");
INSERT INTO dipa VALUES("210305081513344335","03","2021","15","344335","012","22","02","01","AC","1471","DCG","344335","1","4","52","524111","24","1","0001","Belanja Perjalanan Dinas Biasa","0","650000","650000","Belanja Perjalanan Dinas Biasa","BPD Pelaksanaan Dikbangspesta","");
INSERT INTO dipa VALUES("210305073141344335","03","2021","15","344335","012","22","02","01","AC","1471","DCG","344335","1","4","52","521213","18","1","0001","Belanja Honor Output Kegiatan","0","229440000","229440000","Belanja Honor Output Kegiatan","Honor Pelaksanaan Dikbangspesba","");
INSERT INTO dipa VALUES("210204143308344335","06","2021","15","344335","012","22","02","02","WA","1453","EAL","344335","1","4","52","521211","07","1","0001","Sarana Pendukung,Komsumsi dan Cetak Buku","2500000","0","2500000","Belanja Bahan","Sun LKIP","");
INSERT INTO dipa VALUES("210204143401344335","06","2021","15","344335","012","22","02","02","WA","1453","EAL","344335","1","4","52","521211","09","1","0001","Sarana Pendukung,Komsumsi dan Cetak Buku","6000000","0","6000000","Belanja Bahan","Sun Lapdallarenbang","");
INSERT INTO dipa VALUES("210204143456344335","06","2021","15","344335","012","22","02","02","WA","1453","EAL","344335","1","4","52","521211","08","1","0001","Sarana Pendukung,Komsumsi dan Cetak Buku","10000000","-2000000","8000000","Belanja Bahan","Sun Laporan Kinerja","");
INSERT INTO dipa VALUES("210204152206344335","06","2021","15","344335","012","22","02","02","WA","1474","EAA","344335","1","4","51","511161","01","1","0001","Belanja Gaji Pokok PNS TNI","3398216000","0","3398216000","Belanja Gaji Pokok PNS TNI/Polri","Gaji Pokok PNS TNI/Polri","");
INSERT INTO dipa VALUES("210204152745344335","06","2021","15","344335","012","22","02","02","WA","1474","EAA","344335","1","4","51","511169","01","1","0001","Belanja Pembulatan Gaji PNS TNI","51000","0","51000","Belanja Pembulatan Gaji PNS TNI/Polri","Pembulatan Gaji PNS TNI/Polri","");
INSERT INTO dipa VALUES("210204153848344335","06","2021","15","344335","012","22","02","02","WA","1474","EAA","344335","1","4","51","511171","01","1","0001","Belanja Tunj. Suami/Istri PNS TNI","277582000","0","277582000","Belanja Tunjangan Suami/Istri PNS TNI/Polri","Tunj. Suami/Istri PNS TNI/Polri","");
INSERT INTO dipa VALUES("210204154815344335","06","2021","15","344335","012","22","02","02","WA","1474","EAA","344335","1","4","51","511172","01","1","0001","Belanja Tunj. Anak PNS TNI","93545000","0","93545000","Belanja Tunjangan Anak PNS TNI/Polri","Tunj. Anak PNS TNI/Polri","");
INSERT INTO dipa VALUES("210204155011344335","06","2021","15","344335","012","22","02","02","WA","1474","EAA","344335","1","4","51","511173","01","1","0001","Belanja Tunj. Struktural PNS TNI","11074000","0","11074000","Belanja Tunjangan Struktural PNS TNI/Polri","Tunj. Struktural PNS TNI/Polri","");
INSERT INTO dipa VALUES("210204160704344335","06","2021","15","344335","012","22","02","02","WA","1474","EAA","344335","1","4","51","511174","01","1","0001","Belanja Tunj. Fungsional PNS TNI","3439000","0","3439000","Belanja Tunjangan Fungsional PNS TNI/Polri","Tunj. Fungsional PNS TNI/Polri","");
INSERT INTO dipa VALUES("210204160847344335","06","2021","15","344335","012","22","02","02","WA","1474","EAA","344335","1","4","51","511176","01","1","0001","Belanja Tunj. Beras PNS TNI","202932000","0","202932000","Belanja Tunjangan Beras PNS TNI/Polri","Tunj. Beras PNS TNI/Polri","");
INSERT INTO dipa VALUES("210204161155344335","06","2021","15","344335","012","22","02","02","WA","1474","EAA","344335","1","4","51","511179","01","1","0001","Belanja Uang Makan PNS TNI","527217000","0","527217000","Belanja Uang Makan PNS TNI/Polri","Uang Makan PNS TNI/Polri","");
INSERT INTO dipa VALUES("210204162149344335","06","2021","15","344335","012","22","02","02","WA","1474","EAA","344335","1","4","51","511193","01","1","0001","Belanja Tunjangan Umum PNS TNI","179520000","0","179520000","Belanja Tunjangan Umum PNS TNI/Polri","Tunjangan Umum PNS TNI/Polri","");
INSERT INTO dipa VALUES("210204162303344335","06","2021","15","344335","012","22","02","02","WA","1474","EAA","344335","1","4","51","511211","01","1","0001","Belanja Gaji Pokok TNI","36314579000","0","36314579000","Belanja Gaji Pokok TNI/POLRI","Gaji Pokok TNI/POLRI","");
INSERT INTO dipa VALUES("210204165437344335","06","2021","15","344335","012","22","02","02","WA","1474","EAA","344335","1","4","51","511219","01","1","0001","Belanja Pembulatan Gaji TNI","933000","0","933000","Belanja Pembulatan Gaji TNI/POLRI","Pembulatan Gaji TNI/POLRI","");
INSERT INTO dipa VALUES("210204170434344335","06","2021","15","344335","012","22","02","02","WA","1474","EAA","344335","1","4","51","511221","01","1","0001","Belanja Tunj. Suami/Istri TNI","2914206000","0","2914206000","Belanja Tunjangan Suami/Istri TNI/POLRI","Tunj. Suami/Istri TNI/POLRI","");
INSERT INTO dipa VALUES("210205075023344335","06","2021","15","344335","012","22","02","02","WA","1474","EAA","344335","1","4","51","511222","01","1","0001","Belanja Tunj. Anak TNI","973920000","0","973920000","Belanja Tunjangan Anak TNI/POLRI","Tunj. Anak TNI/POLRI","");
INSERT INTO dipa VALUES("210205075224344335","06","2021","15","344335","012","22","02","02","WA","1474","EAA","344335","1","4","51","511223","01","1","0001","Belanja Tunj. Struktural TNI","1422169000","0","1422169000","Belanja Tunjangan Struktural TNI/POLRI","Tunj. Struktural TNI/POLRI","");
INSERT INTO dipa VALUES("210205080343344335","06","2021","15","344335","012","22","02","02","WA","1474","EAA","344335","1","4","51","511224","01","1","0001","Belanja Tunj. Fungsional TNI","76266000","0","76266000","Belanja Tunjangan Fungsional TNI/POLRI","Tunj. Fungsional TNI/POLRI","");
INSERT INTO dipa VALUES("210205082045344335","06","2021","15","344335","012","22","02","02","WA","1474","EAA","344335","1","4","51","511225","01","1","0001","Belanja Tunj. PPh TNI","38728000","0","38728000","Belanja Tunjangan PPh TNI/POLRI","Tunj. PPh TNI/POLRI","");
INSERT INTO dipa VALUES("210205082250344335","06","2021","15","344335","012","22","02","02","WA","1474","EAA","344335","1","4","51","511226","01","1","0001","Belanja Tunj. Beras TNI","3297564000","0","3297564000","Belanja Tunjangan Beras TNI/POLRI","Tunj. Beras TNI/POLRI","");
INSERT INTO dipa VALUES("210205085117344335","06","2021","15","344335","012","22","02","02","WA","1474","EAA","344335","1","4","51","511228","01","1","0001","Belanja Tunj. Lauk Pauk TNI","24489089000","0","24489089000","Belanja Tunjangan Lauk Pauk TNI/POLRI","Tunj. Lauk pauk TNI/POLRI","");
INSERT INTO dipa VALUES("210205085656344335","06","2021","15","344335","012","22","02","02","WA","1474","EAA","344335","1","4","51","511232","01","1","0001","Belanja Tunj. Kowan TNI","1536000","0","1536000","Belanja Tunjangan Kowan/Polwan TNI TNI/POLRI","Tunj. Kowan/Polwan TNI TNI/POLRI","");
INSERT INTO dipa VALUES("210205090047344335","06","2021","15","344335","012","22","02","02","WA","1474","EAA","344335","1","4","51","511234","01","1","0001","Belanja Tunj. Khusus Papua untuk TNI","33600000","0","33600000","Belanja Tunjangan Khusus Papua untuk TNI/ POLRI","Tunj. Khusus Papua untuk TNI/POLRI","");
INSERT INTO dipa VALUES("210205090232344335","06","2021","15","344335","012","22","02","02","WA","1474","EAA","344335","1","4","51","511243","01","1","0001","Belanja  Tunj. Dearah Terpencil/Sangat Terpencil TNI","7000000","0","7000000","Belanja Tunjangan Daerah Terpencil/ SangatTerpencil TNI/Polri","Tunjangan Daerah Terpencil/Sangat Terpencil TNI/Polri","");
INSERT INTO dipa VALUES("210205091137344335","06","2021","15","344335","012","22","02","02","WA","1474","EAA","344335","1","4","51","511244","01","1","0001","Belanja Tunjangan Umum TNI","1033643000","0","1033643000","Belanja Tunjangan Umum TNI/Polri","Tunjangan Umum TNI/Polri","");
INSERT INTO dipa VALUES("210205092706344335","06","2021","15","344335","012","22","02","02","WA","1474","EAA","344335","1","4","51","512411","01","1","0001","Tunjangan Kinerja","35477946000","0","35477946000","Belanja Pegawai (Tunjangan Khusus/ Kegiatan/Kinerja)","Tunkin","");
INSERT INTO dipa VALUES("210307161124344335","04","2021","15","344335","012","22","02","02","WA","1475","EAA","344335","1","4","52","521811","03","1","0001","ATK","0","135000000","135000000","Belanja Barang Persediaan Barang Konsumsi","Persediaan ATK","");
INSERT INTO dipa VALUES("210203132515344335","03","2021","15","344335","012","22","02","01","AC","1469","DCG","344335","1","4","52","524111","07","1","0001","Rindam XIV/Hsn","42000000","47300000","89300000","Belanja Perjalanan Dinas Biasa","BPD Pelaksanaan Dik Algol PNS","");
INSERT INTO dipa VALUES("210203132625344335","03","2021","15","344335","012","22","02","01","AC","1469","DCG","344335","1","4","52","521211","10","1","0001","Rindam XIV/Hsn","102000000","-101680000","320000","Belanja Bahan","Bel Bahan Pengakhiran Dik Algol PNS","");
INSERT INTO dipa VALUES("210203132839344335","03","2021","15","344335","012","22","02","01","AC","1469","DCG","344335","1","4","52","524111","07","1","0001","Dukgiat Rindam XIV/Hsn","50000000","0","50000000","Belanja Perjalanan Dinas Biasa","BPD Pelaksanaan Dik Algol PNS","");
INSERT INTO dipa VALUES("210203134214344335","03","2021","15","344335","012","22","02","01","AC","1471","DCG","344335","1","4","52","521211","08","1","0001","Dikbangpesba","405840000","-405840000","0","Belanja Bahan","Bel Bahan Pelaksanaan Dikbangspesba","");
INSERT INTO dipa VALUES("210203134349344335","03","2021","15","344335","012","22","02","01","AC","1471","DCG","344335","1","4","52","521211","08","2","0002","Dikba Prabinsa Abit Dikmaba TA 2020 (OV) [301 org x 1 bln]","1017982000","-1017982000","0","Belanja Bahan","Bel Bahan Pelaksanaan Dikbangspesba","");
INSERT INTO dipa VALUES("210203134530344335","03","2021","15","344335","012","22","02","01","AC","1471","DCG","344335","1","4","52","521219","07","1","0001","Kodaldik Dikbangpesba","10000000","-10000000","0","Belanja Barang Non Operasional Lainnya","Dukops Pelaksanaan Dikbangspesba","");
INSERT INTO dipa VALUES("210203135018344335","03","2021","15","344335","012","22","02","01","AC","1471","DCG","344335","1","4","52","521211","10","1","0001","Dikjurba Abit Dikmaba TNI AD TA 2020 (OV)[150 org x 4 bln]","2118600000","-2118600000","0","Belanja Bahan","Bel Bahan Pelaksanaan Dikjur Bintara","");
INSERT INTO dipa VALUES("210203135134344335","03","2021","15","344335","012","22","02","01","AC","1471","DCG","344335","1","4","52","521211","10","2","0002","Dikjurba Abit Diktuba Reg [300 org x 2 bln]","2118600000","-2118600000","0","Belanja Bahan","Bel Bahan Pelaksanaan Dikjur Bintara","");
INSERT INTO dipa VALUES("210203135248344335","03","2021","15","344335","012","22","02","01","AC","1471","DCG","344335","1","4","52","521219","08","1","0001","Kodaldik Dikjurba","10000000","-10000000","0","Belanja Barang Non Operasional Lainnya","Dukops Dukgiatdik Dikjur Bintara","");
INSERT INTO dipa VALUES("210203135419344335","03","2021","15","344335","012","22","02","01","AC","1471","DCG","344335","1","4","52","521211","18","1","0001","Dikbangpesta","96900000","-96900000","0","Belanja Bahan","Bel Bahan Pelaksanaan Dikbangspesta","");
INSERT INTO dipa VALUES("210203135458344335","03","2021","15","344335","012","22","02","01","AC","1471","DCG","344335","1","4","52","521211","18","2","0002","Dikta Pranbinsa Abit Dikmata","5684800000","-5684800000","0","Belanja Bahan","Bel Bahan Pelaksanaan Dikbangspesta","");
INSERT INTO dipa VALUES("210305072128344335","03","2021","15","344335","012","22","02","01","AC","1471","DCG","344335","1","4","52","521211","36","1","0001","Belanja Bahan","0","1482000","1482000","Belanja Bahan","Bel Bahan Persiapan Dikbangspesta","");
INSERT INTO dipa VALUES("210305071206344335","03","2021","15","344335","012","22","02","01","AC","1471","DCG","344335","1","4","52","524111","22","1","0001","Belanja Perjalanan Dinas Biasa","0","24720000","24720000","Belanja Perjalanan Dinas Biasa","BPD Pelaksanaan Dikjur Bintara","");
INSERT INTO dipa VALUES("210305071448344335","03","2021","15","344335","012","22","02","01","AC","1471","DCG","344335","1","4","52","521211","35","1","0001","Belanja Bahan","0","10073000","10073000","Belanja Bahan","Bel Bahan Pengakhiran Dikjur Bintara","");
INSERT INTO dipa VALUES("210305070851344335","03","2021","15","344335","012","22","02","01","AC","1471","DCG","344335","1","4","52","521219","09","1","0001","Belanja Barang Non Ops lainnya","0","265740000","265740000","Belanja Barang Non Operasional Lainnya","Dukops Pelaksanaan Dikjur Bintara","");
INSERT INTO dipa VALUES("210305065640344335","03","2021","15","344335","012","22","02","01","AC","1471","DCG","344335","1","4","52","521213","19","1","0001","Belajar Honor Output Kegiatan","0","1746468000","1746468000","Belanja Honor Output Kegiatan","Honor Pelaksanaan Dikjur Bintara","");
INSERT INTO dipa VALUES("210304132252344335","03","2021","15","344335","012","22","02","01","AC","1471","DCG","344335","1","4","52","521211","33","1","0001","Belanja Bahan","0","1304000","1304000","Belanja Bahan","Bel Bahan Pengakhiran  Dikbangspesba","");
INSERT INTO dipa VALUES("210304132730344335","03","2021","15","344335","012","22","02","01","AC","1471","DCG","344335","1","4","52","521211","34","1","0001","Belanja Bahan","0","6983000","6983000","Belanja Bahan","Bel Bahan Persiapan Dikjur Bintara","");
INSERT INTO dipa VALUES("210305064459344335","03","2021","15","344335","012","22","02","01","AC","1471","DCG","344335","1","4","52","521211","10","3","0003","Belanja Bahan","0","2352560000","2352560000","Belanja Bahan","Bel Bahan Pelaksanaan Dikjur Bintara","");
INSERT INTO dipa VALUES("210304131017344335","03","2021","15","344335","012","22","02","01","AC","1471","DCG","344335","1","4","52","521211","32","1","0001","Belanja Bahan","0","904000","904000","Belanja Bahan","Bel Bahan Persiapan  Dikbangspesba","");
INSERT INTO dipa VALUES("210304124048344335","03","2021","15","344335","012","22","02","01","AC","1471","DCG","344335","1","4","52","524111","21","1","0001","Belanja Perjalanan Dinas Biasa","0","1600000","1600000","Belanja Perjalanan Dinas Biasa","BPD Pelaksanaan Dikbangspesba","");
INSERT INTO dipa VALUES("210304111249344335","03","2021","15","344335","012","22","02","01","AC","1471","DCG","344335","1","4","52","521213","21","1","0001","Belanja Honor Output Kegiatan","0","183040000","183040000","Belanja Honor Output Kegiatan","Honor Pelaksanaan Dikbangspesta","");
INSERT INTO dipa VALUES("210304111751344335","03","2021","15","344335","012","22","02","01","AC","1471","DCG","344335","1","4","52","521219","07","1","0001","Belanja Barang Non Ops lainnya","0","24000000","24000000","Belanja Barang Non Operasional Lainnya","Dukops Pelaksanaan Dikbangspesba","");
INSERT INTO dipa VALUES("210302100207344335","07","2021","15","344335","012","22","02","01","AC","1466","DCG","344335","1","4","52","521213","18","2","0002","USL dan Honor Pelatih Non Proglatsi","0","114950000","114950000","Belanja Honor Output Kegiatan","USL dan Honor Pelatih Latsat","");
INSERT INTO dipa VALUES("210305144551344335","03","2021","15","344335","012","22","02","02","WA","1474","EAF","344335","1","4","52","521211","02","1","0001","Gar Tes Maptajas Periodik","0","3460000","3460000","Belanja Bahan","Bel Bahan Bin Olahraga","");
INSERT INTO dipa VALUES("210302095911344335","07","2021","15","344335","012","22","02","01","AC","1466","DCG","344335","1","4","52","521211","17","1","0001","UML Latihan Satuan Non Proglatsi","0","275865000","275865000","Belanja Bahan","UML Latsat","");
INSERT INTO dipa VALUES("210305130804344335","07","2021","15","344335","012","22","02","01","AC","1466","DCG","344335","1","4","52","521211","04","1","0001","Belanja Bahan","0","27000000","27000000","Belanja Bahan","Bel Bahan Pengakhiran Lator Tkt Kompi BS/Den","");
INSERT INTO dipa VALUES("210302095145344335","07","2021","15","344335","012","22","02","01","AC","1466","DCG","344335","1","4","52","521211","17","1","0001","UML Latihan Satuan  Proglatsi","0","59148000","59148000","Belanja Bahan","UML Latsat","");
INSERT INTO dipa VALUES("210302095256344335","07","2021","15","344335","012","22","02","01","AC","1466","DCG","344335","1","4","52","521213","18","1","0001","USL dan Honor Pelatih Proglatsi","0","16740000","16740000","Belanja Honor Output Kegiatan","USL dan Honor Pelatih Latsat","");
INSERT INTO dipa VALUES("210301124723344335","07","2021","15","344335","012","22","02","01","AC","1466","DCG","344335","1","4","52","521219","13","1","0001","Belanja Barang Non Ops lainnya","0","54000000","54000000","Belanja Barang Non Operasional Lainnya","Bel Brg No Ops Persiapan Lator Tkt Kompi BS/Den","");
INSERT INTO dipa VALUES("210211081903344335","06","2021","15","344335","012","22","02","02","WA","1483","EAB","344335","1","4","52","524111","17","1","0001","Rekon Terpusat Sun LK Semester I TA 2021","12000000","0","12000000","Belanja Perjalanan Dinas Biasa","Rekon Terpusat Sun LK Semester I TA 2021","");
INSERT INTO dipa VALUES("210205162908344335","03","2021","15","344335","012","22","02","01","AC","1471","DCG","344335","1","4","52","521219","10","1","0001","Kodaldik Dikbangpesta","25000000","-25000000","0","Belanja Barang Non Operasional Lainnya","Dukops Dukgiatdik Dikbangspesta","");
INSERT INTO dipa VALUES("210205155637344335","07","2021","15","344335","012","22","02","01","AC","1466","DCG","344335","1","4","52","521119","02","1","0001","Belanja Barang Ops Lainnya Proglatsi","2096491000","-2096491000","0","Belanja Barang Operasional Lainnya","Opslat/Serpas/BBM Manuver Ranpur Latis dan Aswasdallat Latsat","");
INSERT INTO dipa VALUES("210205161326344335","03","2021","15","344335","012","22","02","01","AC","1468","DCG","344335","1","4","52","521219","38","1","0001","Operasional Pendidikan ","75000000","-75000000","0","Belanja Barang Non Operasional Lainnya","Duk Ops Dukgiatdik Dikma Ta","");
INSERT INTO dipa VALUES("210205154625344335","07","2021","15","344335","012","22","02","01","AC","1466","DCG","344335","1","4","52","521211","20","1","0001","Pengakhiran","32000000","-27000000","5000000","Belanja Bahan","Bel Bahan Pengakhiran Lator  Balakpus/Dam/Aju","");
INSERT INTO dipa VALUES("210205154356344335","07","2021","15","344335","012","22","02","01","AC","1466","DCG","344335","1","4","52","521211","18","1","0001","Perencanaan","32000000","-27000000","5000000","Belanja Bahan","Bel Bahan  Renlat Lator  Balakpus/Dam/Aju","");
INSERT INTO dipa VALUES("210205154541344335","07","2021","15","344335","012","22","02","01","AC","1466","DCG","344335","1","4","52","521219","10","1","0001","Belanja Barang Non Ops lainnya","64000000","-54000000","10000000","Belanja Barang Non Operasional Lainnya","Bel Brg Non Ops Persiapan  Lator  Balakpus/Dam/Aju","");
INSERT INTO dipa VALUES("210205153913344335","06","2021","15","344335","012","22","02","02","WA","1483","EAB","344335","1","4","52","521211","24","1","0001","Sun Laporan Keuangan","12000000","0","12000000","Belanja Bahan"," PENYUSUNAN LAPORAN KEUANGAN TA 2021","");
INSERT INTO dipa VALUES("210205153723344335","06","2021","15","344335","012","22","02","02","WA","1483","EAB","344335","1","4","52","521119","59","1","0001","Perawatan Dokumen Keuangan TA 2021","16000000","0","16000000","Belanja Barang Operasional Lainnya","Watdokku","");
INSERT INTO dipa VALUES("210205152300344335","06","2021","15","344335","012","22","02","02","WA","1483","EAB","344335","1","4","52","521114","02","1","0001","Pengiriman Dokumen Keuangan TA 2021","15000000","0","15000000","Belanja Pengiriman Surat Dinas Pos Pusat"," PENGIRIMAN DOKUMEN KEUANGAN TA 2021","");
INSERT INTO dipa VALUES("210205152146344335","06","2021","15","344335","012","22","02","02","WA","1483","EAB","344335","1","4","52","521119","49","1","0001","Pembinaan Keuangan TA 2021","13000000","0","13000000","Belanja Barang Operasional Lainnya"," PEMBINAAN KEUANGAN TA 2021","");
INSERT INTO dipa VALUES("210205143523344335","06","2021","15","344335","012","22","02","02","WA","1483","EAB","344335","1","4","52","524111","16","1","0001","KU Rindam XIV/Hsn Gel II SMT II TA 2020","12000000","-12000000","0","Belanja Perjalanan Dinas Biasa","Rekon Terpusat Sun LK Semester II TA 2020","");
INSERT INTO dipa VALUES("210301124436344335","07","2021","15","344335","012","22","02","01","AC","1466","DCG","344335","1","4","52","521211","03","1","0001","Belanja Bahan","0","27000000","27000000","Belanja Bahan","Bel Bahan Renlat Lator Tkt Kompi BS/Den","");
INSERT INTO dipa VALUES("210205142911344335","06","2021","15","344335","012","22","02","02","WA","1483","EAB","344335","1","4","52","521119","09","1","0001","Duksus Renproggar","60000000","-33000000","27000000","Belanja Barang Operasional Lainnya","Duksus Renprogar","");
INSERT INTO dipa VALUES("210205142942344335","06","2021","15","344335","012","22","02","02","WA","1483","EAB","344335","1","4","52","521119","09","2","0002","Sun RKA","15000000","0","15000000","Belanja Barang Operasional Lainnya","DUKSUS PROGGAR","");
INSERT INTO dipa VALUES("210205143004344335","06","2021","15","344335","012","22","02","02","WA","1483","EAB","344335","1","4","52","521119","09","3","0003","Sun Rancangan Awal Renja","15000000","0","15000000","Belanja Barang Operasional Lainnya","DUKSUS PROGGAR","");
INSERT INTO dipa VALUES("210205143028344335","06","2021","15","344335","012","22","02","02","WA","1483","EAB","344335","1","4","52","521119","09","4","0004","Sun Rancangan Renja","15000000","0","15000000","Belanja Barang Operasional Lainnya","DUKSUS PROGGAR","");
INSERT INTO dipa VALUES("210205143108344335","06","2021","15","344335","012","22","02","02","WA","1483","EAB","344335","1","4","52","521119","09","5","0005","Sun Renja","15000000","0","15000000","Belanja Barang Operasional Lainnya","DUKSUS PROGGAR","");
INSERT INTO dipa VALUES("210205143128344335","06","2021","15","344335","012","22","02","02","WA","1483","EAB","344335","1","4","52","521119","09","6","0006","Progja/Proker","15000000","0","15000000","Belanja Barang Operasional Lainnya","DUKSUS PROGGAR","");
INSERT INTO dipa VALUES("210205143212344335","06","2021","15","344335","012","22","02","02","WA","1483","EAB","344335","1","4","52","521119","09","7","0007","Rekon Internal Satker","15000000","0","15000000","Belanja Barang Operasional Lainnya","DUKSUS PROGGAR","");
INSERT INTO dipa VALUES("210205141158344335","04","2021","15","344335","012","22","02","02","WA","1480","EAA","344335","1","4","52","521112","08","5","0005","Dodikjur","47680000","0","47680000","Belanja Pengadaan Bahan Makanan","Uang makan guru/instruktur","");
INSERT INTO dipa VALUES("210205141536344335","04","2021","15","344335","012","22","02","02","WA","1480","EAA","344335","1","4","52","521112","08","6","0006","Dandodik Belanegara","47680000","0","47680000","Belanja Pengadaan Bahan Makanan","Uang makan guru/instruktur","");
INSERT INTO dipa VALUES("210204121822344335","05","2021","15","344335","012","22","02","01","AJ","1456","BHA","344335","1","4","52","521119","01","1","0001","Giat Gar Komsos dgn Kommas","14000000","0","14000000","Belanja Barang Operasional Lainnya","Bel Ops Lainnya Bin Komsos","");
INSERT INTO dipa VALUES("210204122057344335","05","2021","15","344335","012","22","02","01","AJ","1456","BHA","344335","1","4","52","521219","01","1","0001","Karbak Satnonkowil","23400000","-15800000","7600000","Belanja Barang Non Operasional Lainnya","Bel Brg Non Ops Bhakti TNI","");
INSERT INTO dipa VALUES("210204123452344335","01","2021","15","344335","012","22","02","02","WA","1444","BHA","344335","1","4","52","521211","01","1","0001","Kegiatan Pengamanan","6320000","0","6320000","Belanja Bahan","Bel Bahan Giat Pam","");
INSERT INTO dipa VALUES("210204124012344335","01","2021","15","344335","012","22","02","02","WA","1444","BHA","344335","1","4","52","521219","02","1","0001","Kegiatan Pengamanan","49680000","0","49680000","Belanja Barang Non Operasional Lainnya","Bel Brg Non Ops Giat Pam","");
INSERT INTO dipa VALUES("210305072824344335","03","2021","15","344335","012","22","02","01","AC","1471","DCG","344335","1","4","52","521211","18","1","0001","Belanja Bahan","0","222196000","222196000","Belanja Bahan","Bel Bahan Pelaksanaan Dikbangspesta","");
INSERT INTO dipa VALUES("210205142806344335","06","2021","15","344335","012","22","02","02","WA","1483","EAB","344335","1","4","52","521119","11","1","0001","Sun Rev Renstra Satker Tahun 2020-2024","15000000","0","15000000","Belanja Barang Operasional Lainnya","Sun Rev Renstra Satker Tahun 2020-2024","");
INSERT INTO dipa VALUES("210205141139344335","04","2021","15","344335","012","22","02","02","WA","1480","EAA","344335","1","4","52","521112","08","4","0004","Dodiklatpur","47680000","0","47680000","Belanja Pengadaan Bahan Makanan","Uang makan guru/instruktur","");
INSERT INTO dipa VALUES("210205141114344335","04","2021","15","344335","012","22","02","02","WA","1480","EAA","344335","1","4","52","521112","08","3","0003","Dodik Secata","71520000","0","71520000","Belanja Pengadaan Bahan Makanan","Uang makan guru/instruktur","");
INSERT INTO dipa VALUES("210205141050344335","04","2021","15","344335","012","22","02","02","WA","1480","EAA","344335","1","4","52","521112","08","2","0002","Dodik Secaba","71520000","0","71520000","Belanja Pengadaan Bahan Makanan","Uang makan guru/instruktur","");
INSERT INTO dipa VALUES("210205141027344335","04","2021","15","344335","012","22","02","02","WA","1480","EAA","344335","1","4","52","521112","08","1","0001","Marindam","47680000","0","47680000","Belanja Pengadaan Bahan Makanan","Uang makan guru/instruktur","");
INSERT INTO dipa VALUES("210205140935344335","04","2021","15","344335","012","22","02","02","WA","1480","EAA","344335","1","4","52","521112","01","1","0001","Rindam XIV/Hsn","229950000","0","229950000","Belanja Pengadaan Bahan Makanan","Uang makan jaga militer","");
INSERT INTO dipa VALUES("210205140215344335","03","2021","15","344335","012","22","02","02","WA","1478","EAF","344335","1","4","52","521211","42","1","0001","Rindam XIV/Hsn","2300000","0","2300000","Belanja Bahan","Penilaian Analisa Jabatan dan Beban Kerja","");
INSERT INTO dipa VALUES("210205140540344335","04","2021","15","344335","012","22","02","02","WA","1479","EAA","344335","1","4","52","523111","01","1","0001","Har Rutin Gedung Perkantoran ","62000000","0","62000000","Belanja Pemeliharaan Gedung dan Bangunan","Har Gedung Organik","");
INSERT INTO dipa VALUES("210205140128344335","03","2021","15","344335","012","22","02","02","WA","1478","EAF","344335","1","4","52","521211","41","1","0001","Rindam XIV/Hsn","2300000","0","2300000","Belanja Bahan","Penilaian Kinerja Individu","");
INSERT INTO dipa VALUES("210205140001344335","03","2021","15","344335","012","22","02","02","WA","1478","EAF","344335","1","4","52","521211","40","1","0001","Sisfopers","2000000","0","2000000","Belanja Bahan","PEMBINAAN SISFOPERS","");
INSERT INTO dipa VALUES("210205135747344335","03","2021","15","344335","012","22","02","02","WA","1478","EAF","344335","1","4","52","521115","02","1","0001","Sisfopers","1200000","0","1200000","Belanja Honor Operasional Satuan Kerja","PEMBINAAN SISFOPERS","");
INSERT INTO dipa VALUES("210205133735344335","03","2021","15","344335","012","22","02","02","WA","1478","EAF","344335","1","4","52","521211","17","1","0001","Rindam XIV/Hsn","4500000","0","4500000","Belanja Bahan","SIDANG PANGKAT","");
INSERT INTO dipa VALUES("210205133456344335","03","2021","15","344335","012","22","02","02","WA","1478","EAF","344335","1","4","52","521211","16","1","0001","Rindam XIV/Hsn","4800000","0","4800000","Belanja Bahan","SIDANG JABATAN","");
INSERT INTO dipa VALUES("210205132628344335","06","2021","15","344335","012","22","02","02","WA","1475","EAA","344335","1","4","52","521119","62","3","0003","Dandodik/Sekolah Rindam XIV/Hsn","100000000","0","100000000","Belanja Barang Operasional Lainnya","Kodal","");
INSERT INTO dipa VALUES("210205132231344335","06","2021","15","344335","012","22","02","02","WA","1475","EAA","344335","1","4","52","521119","62","1","0001","Danrindam XIV/Hsn","44000000","0","44000000","Belanja Barang Operasional Lainnya","Kodal","");
INSERT INTO dipa VALUES("210205132325344335","06","2021","15","344335","012","22","02","02","WA","1475","EAA","344335","1","4","52","521119","62","2","0002","Wadan/Kabaglat Rindam XIV/Hsn","88000000","0","88000000","Belanja Barang Operasional Lainnya","Kodal","");
INSERT INTO dipa VALUES("210205130257344335","06","2021","15","344335","012","22","02","02","WA","1475","EAA","344335","1","4","52","521111","04","1","0001","Bahan Baku Sarana Komputer","34291000","0","34291000","Belanja Keperluan Perkantoran","BBSK","");
INSERT INTO dipa VALUES("210205125803344335","03","2021","15","344335","012","22","02","02","WA","1475","EAA","344335","1","4","52","524111","11","1","0001","BPD Rutin","55906000","0","55906000","Belanja Perjalanan Dinas Biasa","BPD Rutin","");
INSERT INTO dipa VALUES("210205123857344335","02","2021","15","344335","012","22","02","02","WA","1475","EAA","344335","1","4","52","521119","04","1","0001","Bin Hartapsat","4000000","0","4000000","Belanja Barang Operasional Lainnya","Haartapsat","");
INSERT INTO dipa VALUES("210205123705344335","02","2021","15","344335","012","22","02","02","WA","1475","EAA","344335","1","4","52","521119","03","1","0001","Binsat Kotama/Balakpus","40000000","0","40000000","Belanja Barang Operasional Lainnya","Binsat","");
INSERT INTO dipa VALUES("210205123448344335","02","2021","15","344335","012","22","02","02","WA","1475","EAA","344335","1","4","52","521131","01","1","0001","Duk Ops Satuan Sigap Covid-19 TNI AD","50000000","0","50000000","Belanja Barang Operasional-Penanganan Pandemi Covid -19","Bel Brg Ops Penanganan Covid-19 Peningkatan Fungsi Operasi","");
INSERT INTO dipa VALUES("210205094747344335","06","2021","15","344335","012","22","02","02","WA","1474","EAA","344335","1","4","52","521115","05","6","0006","Honor PPABP","9600000","0","9600000","Belanja Honor Operasional Satuan Kerja","Honor BPP","");
INSERT INTO dipa VALUES("210205094639344335","06","2021","15","344335","012","22","02","02","WA","1474","EAA","344335","1","4","52","521115","05","3","0003","Honor SAK","15000000","0","15000000","Belanja Honor Operasional Satuan Kerja","Honor BPP","");
INSERT INTO dipa VALUES("210205094727344335","06","2021","15","344335","012","22","02","02","WA","1474","EAA","344335","1","4","52","521115","05","5","0005","Honor KPA","28620000","0","28620000","Belanja Honor Operasional Satuan Kerja","Honor BPP","");
INSERT INTO dipa VALUES("210205094706344335","06","2021","15","344335","012","22","02","02","WA","1474","EAA","344335","1","4","52","521115","05","4","0004","Honor PPSPM","13200000","0","13200000","Belanja Honor Operasional Satuan Kerja","Honor BPP","");
INSERT INTO dipa VALUES("210205094619344335","06","2021","15","344335","012","22","02","02","WA","1474","EAA","344335","1","4","52","521115","05","2","0002","Honor BP","9600000","0","9600000","Belanja Honor Operasional Satuan Kerja","Honor BPP","");
INSERT INTO dipa VALUES("210205094232344335","04","2021","15","344335","012","22","02","02","WA","1474","EAA","344335","1","4","52","521115","02","1","0001","Honor Simak BMN","15000000","0","15000000","Belanja Honor Operasional Satuan Kerja","Honor Simak BMN","");
INSERT INTO dipa VALUES("210205094553344335","06","2021","15","344335","012","22","02","02","WA","1474","EAA","344335","1","4","52","521115","05","1","0001","Honor BPP","14400000","0","14400000","Belanja Honor Operasional Satuan Kerja","Honor BPP","");
INSERT INTO dipa VALUES("210204143155344335","06","2021","15","344335","012","22","02","02","WA","1453","EAL","344335","1","4","52","521211","06","1","0001","Sarana Pendukung,Komsumsi dan Cetak Buku","5000000","0","5000000","Belanja Bahan","Sun Laplakgar serta Daya Serap","");
INSERT INTO dipa VALUES("210204142009344335","01","2021","15","344335","012","22","02","02","WA","1444","BHA","344335","1","4","52","521211","01","1","0001","P4GN","30000000","-15000000","15000000","Belanja Bahan","Bel Bahan Giat Pam","");
INSERT INTO dipa VALUES("210204142234344335","01","2021","15","344335","012","22","02","02","WA","1444","BHA","344335","1","4","52","521219","02","1","0001","P4GN","14000000","-7000000","7000000","Belanja Barang Non Operasional Lainnya","Bel Brg Non Ops Giat Pam","");
INSERT INTO dipa VALUES("210204142733344335","06","2021","15","344335","012","22","02","02","WA","1453","EAL","344335","1","4","52","521211","05","1","0001","Sarana Pendukung,Komsumsi dan Cetak Buku","5000000","0","5000000","Belanja Bahan","Penyusunan Laporan Evaluasi Pelaksanaan Program Kerja Dan Anggaran","");
INSERT INTO dipa VALUES("210204110805344335","03","2021","15","344335","012","22","02","01","AC","1472","DCG","344335","1","4","52","521211","01","1","0001","Dik IBI Level-I ALC [20 org x 4 bln]","318320000","-318320000","0","Belanja Bahan","Bel Bahan Pelaksanaan Pendidikan Keahlian","");
INSERT INTO dipa VALUES("210204111706344335","05","2021","15","344335","012","22","02","01","AJ","1452","BHA","344335","1","4","52","521119","01","1","0001","Binsiap Apnonkowil","22000000","0","22000000","Belanja Barang Operasional Lainnya","Bel Ops Lainnya Manajemen Ter","");
INSERT INTO dipa VALUES("210203140234344335","03","2021","15","344335","012","22","02","01","AC","1471","DCG","344335","1","4","52","521219","12","1","0001","Kodaldik Dikjurta","25000000","-25000000","0","Belanja Barang Non Operasional Lainnya","Dukops Dukgiatdik Dikjur Tamtama","");
INSERT INTO dipa VALUES("210203135855344335","03","2021","15","344335","012","22","02","01","AC","1471","DCG","344335","1","4","52","521211","20","1","0001","Dikjurta Abit Dikmata ","6624288000","-6624288000","0","Belanja Bahan","Bel Bahan Pelaksanaan Dikjur Tamtama","");
INSERT INTO dipa VALUES("210203131430344335","03","2021","15","344335","012","22","02","01","AC","1469","DCG","344335","1","4","52","521211","08","1","0001","Rindam XIV/Hsn","102000000","-95500000","6500000","Belanja Bahan","Bel bahan Persiapan Dik Algol PNS","");
INSERT INTO dipa VALUES("210203132301344335","03","2021","15","344335","012","22","02","01","AC","1469","DCG","344335","1","4","52","521213","05","1","0001","Rindam XIV/Hsn","136046000","-8809000","127237000","Belanja Honor Output Kegiatan","Honor Pelaksanaan Dik Algol PNS","");
INSERT INTO dipa VALUES("210203131723344335","03","2021","15","344335","012","22","02","01","AC","1469","DCG","344335","1","4","52","521211","09","1","0001","Rindam XIV/Hsn","103841000","150021000","253862000","Belanja Bahan","Bel Bahan Pelaksanaan Dik Algol PNS","");
INSERT INTO dipa VALUES("210203131551344335","03","2021","15","344335","012","22","02","01","AC","1469","DCG","344335","1","4","52","521119","01","1","0001","Rindam XIV/Hsn","27300000","-4200000","23100000","Belanja Barang Operasional Lainnya","Bel Brg Ops Pelaksanaan Dik Algol PNS Gol II ke Gol III","");
INSERT INTO dipa VALUES("210203130904344335","03","2021","15","344335","012","22","02","01","AC","1469","DCG","344335","1","4","52","521211","07","1","0001","Operasional Pendidikan ","20770000","0","20770000","Belanja Bahan","Bel Bahan Pengakhiran Lulusan Diktukba Reg/Sus","");
INSERT INTO dipa VALUES("210203130809344335","03","2021","15","344335","012","22","02","01","AC","1469","DCG","344335","1","4","52","524111","03","1","0001","Operasional Pendidikan ","31000000","0","31000000","Belanja Perjalanan Dinas Biasa","BPD Pelaksanaan  Lulusan Diktukba Reg.Sus","");
INSERT INTO dipa VALUES("210203130537344335","03","2021","15","344335","012","22","02","01","AC","1469","DCG","344335","1","4","52","521219","01","1","0001","Operasional Pendidikan ","465000000","0","465000000","Belanja Barang Non Operasional Lainnya","Dukops Pelaksanaan Diktupa Reg/Sus","");
INSERT INTO dipa VALUES("210203130413344335","03","2021","15","344335","012","22","02","01","AC","1469","DCG","344335","1","4","52","521213","02","1","0001","Operasional Pendidikan ","2190150000","0","2190150000","Belanja Honor Output Kegiatan","Honor  Pelaksanaan Lulusan Diktukba Reg.Sus","");
INSERT INTO dipa VALUES("210203130205344335","03","2021","15","344335","012","22","02","01","AC","1469","DCG","344335","1","4","52","521211","06","1","0001","Operasional Pendidikan ","3052260000","73600000","3125860000","Belanja Bahan","Bel Bahan Pelaksanaan  Lulusan Diktukba Reg.Sus","");
INSERT INTO dipa VALUES("210203125830344335","03","2021","15","344335","012","22","02","01","AC","1469","DCG","344335","1","4","52","521211","05","1","0001","Operasional Pendidikan ","14570000","0","14570000","Belanja Bahan","Bel Bahan Persiapan Lulusan Diktukba Reg.Sus","");
INSERT INTO dipa VALUES("210203124818344335","03","2021","15","344335","012","22","02","01","AC","1468","DCG","344335","1","4","52","521211","25","1","0001","Operasional Pendidikan ","31768000","4000000","35768000","Belanja Bahan","Bel Bahan Pengakhiran Dikma Ta","");
INSERT INTO dipa VALUES("210203124619344335","03","2021","15","344335","012","22","02","01","AC","1468","DCG","344335","1","4","52","524111","10","1","0001","Operasional Pendidikan ","99275000","12500000","111775000","Belanja Perjalanan Dinas Biasa","BPD Pelaksanaan Dikma Ta","");
INSERT INTO dipa VALUES("210203123224344335","03","2021","15","344335","012","22","02","01","AC","1468","DCG","344335","1","4","52","521219","37","1","0001","Operasional Pendidikan ","1340212000","168750000","1508962000","Belanja Barang Non Operasional Lainnya","Duk Ops Pelaksanaan Dikma Ta","");
INSERT INTO dipa VALUES("210203120702344335","03","2021","15","344335","012","22","02","01","AC","1468","DCG","344335","1","4","52","521211","22","1","0001","Operasional Pendidikan ","21840000","2750000","24590000","Belanja Bahan","Bel Bahan Persiapan Dikma Ta","");
INSERT INTO dipa VALUES("210203122703344335","03","2021","15","344335","012","22","02","01","AC","1468","DCG","344335","1","4","52","521213","10","1","0001","Operasional Pendidikan ","6949250000","875000000","7824250000","Belanja Honor Output Kegiatan","Honor Pelaksanaan Dikma Ta","");
INSERT INTO dipa VALUES("210203122010344335","03","2021","15","344335","012","22","02","01","AC","1468","DCG","344335","1","4","52","521211","23","1","0001","Operasional Pendidikan ","9327879000","1266501000","10594380000","Belanja Bahan","Bel Bahan Pelaksanaan Dikma Ta","");
INSERT INTO dipa VALUES("210203104702344335","03","2021","15","344335","012","22","02","01","AC","1468","DCG","344335","1","4","52","521219","32","1","0001","Kodaldik","50000000","-50000000","0","Belanja Barang Non Operasional Lainnya","Duk Ops Dukgiatdik Dikma Ba Pria","");
INSERT INTO dipa VALUES("210203114737344335","03","2021","15","344335","012","22","02","01","AC","1468","DCG","344335","1","4","52","521211","18","1","0001","Operasional Pendidikan ","14686000","-7196000","7490000","Belanja Bahan","Bel Bahan Pengakhiran Dikma Ba Pria","");
INSERT INTO dipa VALUES("210203104503344335","03","2021","15","344335","012","22","02","01","AC","1468","DCG","344335","1","4","52","524111","07","1","0001","Operasional Pendidikan ","45895000","-22490000","23405000","Belanja Perjalanan Dinas Biasa","BPD Pelaksanaan Dikma Ba Pria","");
INSERT INTO dipa VALUES("210203104336344335","03","2021","15","344335","012","22","02","01","AC","1468","DCG","344335","1","4","52","521219","31","1","0001","Operasional Pendidikan ","665477000","-326105000","339372000","Belanja Barang Non Operasional Lainnya","Duk Ops Pelaksanaan Dikma Ba Pria","");
INSERT INTO dipa VALUES("210203101545344335","03","2021","15","344335","012","22","02","01","AC","1468","DCG","344335","1","4","52","521213","08","1","0001","Operasional Pendidikan ","3327387000","-1630525000","1696862000","Belanja Honor Output Kegiatan","Honor Pelaksanaan Dikma Ba Pria","");
INSERT INTO dipa VALUES("210203101247344335","03","2021","15","344335","012","22","02","01","AC","1468","DCG","344335","1","4","52","521211","15","1","0001","Operasional Pendidikan ","10096000","-4946000","5150000","Belanja Bahan","Bel Bahan Persiapan  Dikma Ba Pria","");
INSERT INTO dipa VALUES("210203101410344335","03","2021","15","344335","012","22","02","01","AC","1468","DCG","344335","1","4","52","521211","16","1","0001","Operasional Pendidikan ","4656506000","-2263619000","2392887000","Belanja Bahan","Bel Bahan Pelaksanaan Dikma Ba Pria","");



DELETE FROM  bpjs where kdkotama=15 and kdsatker=344335;




DELETE FROM  yanmasum where kdkotama=15 and kdsatker=344335;




DELETE FROM  blu where kdkotama=15 and kdsatker=344335;




DELETE FROM  hibah where kdkotama=15 and kdsatker=344335;




DELETE FROM  kapitasi where kdkotama=15 and kdsatker=344335;




DELETE FROM  realisasi where kdkotama=15 and kdsatker=344335;

INSERT INTO  realisasi VALUES("210205091137344335","210308133101344335","02","2021","15","344335","06","1","4","51","WA","1474","EAA","511244","01","00005T/344335/2021","2021-00-13","80250000","00005T/344335/2021","2021-01-13","80250000","210541301001061","2021-02-01","Belanja Tunjangan Umum TNI","80250000","");
INSERT INTO  realisasi VALUES("210205085656344335","210308132451344335","02","2021","15","344335","06","1","4","51","WA","1474","EAA","511232","01","00006T/344335/2021","2021-01-13","150000","00006T/344335/2021","2021-01-14","150000","210541501000208","2021-02-01","Belanja Tunj. Kowan TNI","150000","");
INSERT INTO  realisasi VALUES("210205085117344335","210308131938344335","02","2021","15","344335","06","1","4","51","WA","1474","EAA","511228","01","00005T/344335/2021","2021-01-13","2064720000","00005T/344335/2021","2021-01-13","2064720000","210541301001061","2021-02-01","Belanja Tunj. Lauk Pauk TNI","2064720000","");
INSERT INTO  realisasi VALUES("210205082250344335","210308131632344335","02","2021","15","344335","06","1","4","51","WA","1474","EAA","511226","01","00005T/344335/2021","2021-01-13","280931664","00005T/344335/2021","2021-01-13","280931664","210541301001061","2021-02-01","Belanja Tunj. Beras TNI","280931664","");
INSERT INTO  realisasi VALUES("210205082045344335","210308131334344335","02","2021","15","344335","06","1","4","51","WA","1474","EAA","511225","01","00006T/344335/2021","2021-01-13","708138","00006T/344335/2021","2021-01-13","708138","210541501000208","2021-02-01","Belanja Tunj. PPh TNI","708138","");
INSERT INTO  realisasi VALUES("210205080343344335","210308130338344335","02","2021","15","344335","06","1","4","51","WA","1474","EAA","511224","01","00006T/344335/2021","2021-01-13","4877000","00006T/344335/2021","2021-01-13","4877000","210541501000208","2021-02-01","Belanja Tunj. Fungsional TNI","4877000","");
INSERT INTO  realisasi VALUES("210205075224344335","210308124654344335","02","2021","15","344335","06","1","4","51","WA","1474","EAA","511223","01","00006T/344335/2021","2021-01-13","94925000","00006T/344335/2021","2021-01-13","94925000","210541501000208","2021-02-01","Belanja Tunj. Struktural TNI","94925000","");
INSERT INTO  realisasi VALUES("210205075023344335","210308124048344335","02","2021","15","344335","06","1","4","51","WA","1474","EAA","511222","01","00006T/344335/2021","2021-01-13","64961736","00006T/344335/2021","2021-01-13","64961736","210541501000208","2021-02-01","Belanja Tunj. Anak TNI","64961736","");
INSERT INTO  realisasi VALUES("210204170434344335","210308122611344335","02","2021","15","344335","06","1","4","51","WA","1474","EAA","511221","01","00006T/344335/2021","2021-01-13","195547120","00006T/344335/2021","2021-01-13","195547120","210541301000867","2021-02-01","Belanja Tunj. Suami/Istri TNI","195547120","");
INSERT INTO  realisasi VALUES("210204165437344335","210308122227344335","02","2021","15","344335","06","1","4","51","WA","1474","EAA","511219","01","00005T/344335/2021","2021-01-13","76480","00005T/344335/2021","2021-01-13","76480","210541501000142","2021-02-01","Belanja Pembulatan Gaji TNI","76480","");
INSERT INTO  realisasi VALUES("210204162303344335","210308121305344335","02","2021","15","344335","06","1","4","51","WA","1474","EAA","511211","01","00005T/344335/2021","2021-01-13","3093897300","00005T/344335/2021","2021-01-13","3093897300","210541501000142","2021-02-01","Belanja Gaji Pokok TNI","3093897300","");
INSERT INTO  realisasi VALUES("210204160704344335","210308115541344335","02","2021","15","344335","06","1","4","51","WA","1474","EAA","511174","01","00004T/344335/2021","2021-01-13","240000","00004T/344335/2021","2021-01-13","240000","210541501000141","2021-02-01","Belanja Tunj. Fungsional PNS TNI","240000","");
INSERT INTO  realisasi VALUES("210204162149344335","210308120845344335","02","2021","15","344335","06","1","4","51","WA","1474","EAA","511193","01","00004T/344335/2021","2021-01-13","12055000","00004T/344335/2021","2021-01-13","12055000","210541501000141","2021-02-01","Belanja Tunjangan Umum PNS TNI","12055000","");
INSERT INTO  realisasi VALUES("210204160847344335","210308115825344335","02","2021","15","344335","06","1","4","51","WA","1474","EAA","511176","01","00004T/344335/2021","2021-01-13","15425460","00004T/344335/2021","2021-01-13","15425460","210541501000141","2021-02-01","Belanja Tunj. Beras PNS TNI","15425460","");
INSERT INTO  realisasi VALUES("210204155011344335","210308114853344335","02","2021","15","344335","06","1","4","51","WA","1474","EAA","511173","01","00004T/344335/2021","2021-01-13","490000","00004T/344335/2021","2021-01-13","490000","210541501000141","2021-02-01","Belanja Tunj. Struktural PNS TNI","490000","");
INSERT INTO  realisasi VALUES("210204153848344335","210308111656344335","02","2021","15","344335","06","1","4","51","WA","1474","EAA","511171","01","00004T/344335/2021","2021-01-13","19163990","00004T/344335/2021","2021-01-13","19163990","210541501000141","2021-02-01","Belanja Tunj. Suami/Istri PNS TNI","19163990","");
INSERT INTO  realisasi VALUES("210204154815344335","210308114700344335","02","2021","15","344335","06","1","4","51","WA","1474","EAA","511172","01","00004T/344335/2021","2021-01-13","6065552","00004T/344335/2021","2021-01-13","6065552","210541501000141","2021-02-01","Belanja Tunj. Anak PNS TNI","6065552","");
INSERT INTO  realisasi VALUES("210204152745344335","210308110721344335","02","2021","15","344335","06","1","4","51","WA","1474","EAA","511169","01","00004T/344335/2021","2021-01-13","3729","00004T/344335/2021","2021-01-13","3729","210541501000141","2020-02-01","Belanja Pembulatan Gaji PNS TNI","3729","");
INSERT INTO  realisasi VALUES("210204161155344335","210308101213344335","02","2021","15","344335","06","1","4","51","WA","1474","EAA","511179","01","00044T/344335/2021","2021-03-01","46626000","00044T/344335/2021","2020-03-01","46626000","00044T/344335/2021","2021-03-02","Belanja Uang Makan PNS TNI/Untuk Bln Pebruari","46626000","");
INSERT INTO  realisasi VALUES("210205092706344335","210308103352344335","02","2021","15","344335","06","1","4","51","WA","1474","EAA","512411","01","00007T/344335/2021","2021-02-01","2714969874","00007T/344335/2021","2021-02-01","2714969874","210541301000398","2021-02-02","Tunjangan Kinerja/Militer,Pns dan Taif 351 org","2714969874","");
INSERT INTO  realisasi VALUES("210307160535344335","210308100121344335","02","2021","15","344335","03","1","4","52","WA","1475","EAA","524111","12","00022T/344335/2021","2022-02-22","262950000","00022T/344335/2021","2021-02-22","262950000","00022T/344335/2021","2021-02-22","BPD Serdik/Ke Pusdik Kecabangan Thp II Lulusan Siswa Dikmaba TNI AD  TA 2021, 301 Orang","262950000","");
INSERT INTO  realisasi VALUES("210307160535344335","210308095717344335","02","2021","15","344335","03","1","4","52","WA","1475","EAA","524111","12","00023T/344335/2021","2021-02-23","179365000","00023T/344335/2021","2021-02-23","179365000","210541301001177","2021-01-24","BPD Serdik/Lulusan Mantan Siswa Dikjurtaif Abit Dikmata TNI TA 2021 ,351 Org","179365000","");
INSERT INTO  realisasi VALUES("210203122703344335","210308093130344335","02","2021","15","344335","03","1","4","52","AC","1468","DCG","521213","10","00030T/344335/2021","2021-02-24","262800000","00030T/344335/2021","2021-02-24","262800000","210541301001200","2021-02-24","Operasional Pendidikan /Uang Saku Siswa Dikmata TNI AD Gel I TA 2021","262800000","");
INSERT INTO  realisasi VALUES("210203101545344335","210308092804344335","02","2021","15","344335","03","1","4","52","AC","1468","DCG","521213","08","00028T/344335/2021","2021-02-23","30100000","00028T/344335/2021","2021-02-23","30100000","210541301001154","2021-02-24","Operasional Pendidikan /Uang Bimsuh Dikmaba TNI AD TA 2021","30100000","");
INSERT INTO  realisasi VALUES("210203101545344335","210308091318344335","02","2021","15","344335","03","1","4","52","AC","1468","DCG","521213","08","00027T/344335/2021","2021-02-23","26337500","00027T/344335/2021","2021-02-23","26337500","210541301001153","2021-02-24","Operasional Pendidikan /Uang Bimsuh Dikmaba TNI TA 2021","26337500","");
INSERT INTO  realisasi VALUES("210305083341344335","210308090147344335","02","2021","15","344335","03","1","4","52","AC","1471","DCG","521213","22","00025T/344335/2021","2021-02-23","35100000","00025T/344335/2021","2021-02-23","35100000","210541301001151","2021-02-24","Belanja Honor Output Kegiatan/Uang Bimsuh Dikjurtaif Abit Dikmata TA 2021","35100000","");
INSERT INTO  realisasi VALUES("210203101545344335","210308090730344335","02","2021","15","344335","03","1","4","52","AC","1468","DCG","521213","08","00026T/344335/2021","2021-02-23","150500000","00026T/344335/2021","2021-02-23","150500000","210541301001152","2021-02-24","Operasional Pendidikan /Uang Saku Siswa Dikmaba TNI TA 2021 ","150500000","");
INSERT INTO  realisasi VALUES("210305083341344335","210308085750344335","02","2021","15","344335","03","1","4","52","AC","1471","DCG","521213","22","00024T/344335/2021","2021-02-23","56511000","00024T/344335/2021","2021-02-23","56511000","210541301001178","2021-02-24","Belanja Honor Output Kegiatan/Uang Saku Dikjurtaif Abit Dikmata Gel I TA 2021, 351 Org","56511000","");
INSERT INTO  realisasi VALUES("210203122010344335","210308081424344335","02","2021","15","344335","03","1","4","52","AC","1468","DCG","521211","23","00029T/344335/2021","2021-02-23","181332000","00029T/344335/2021","2021-02-23","181332000","210541301001190","2021-02-24","Operasional Pendidikan /Makan Serdik Dikmata TNI AD Gel II TA 2021","181332000","");
INSERT INTO  realisasi VALUES("210305083235344335","210308085259344335","02","2021","15","344335","03","1","4","52","AC","1471","DCG","521211","20","00032T/344335/2021","2021-02-24","193752000","00032T/344335/2021","2021-02-24","193752000","210541301001262","2021-02-25","Belanja Bahan/Makan Serdik Dikjurtaif Abit Dikmata Gel I TA 2021","193752000","");
INSERT INTO  realisasi VALUES("210203101410344335","210308082312344335","02","2021","15","344335","03","1","4","52","AC","1468","DCG","521211","16","00031T/344335/2021","2021-02-24","193844000","00031T/344335/2021","2021-02-24","193844000","210541301001261","2021-02-25","Operasional Pendidikan /Makan Serdik Dikmaba TNI AD Gel II","193844000","");
INSERT INTO  realisasi VALUES("210204152206344335","210308104102344335","02","2021","15","344335","06","1","4","51","WA","1474","EAA","511161","01","00004T/344335/2021","2021-01-13","231638200","00004T/344335/2021","2021-01-13","231638200","210541501000141","2021-02-01","Belanja Gaji Pokok PNS TNI","231638200","");
INSERT INTO  realisasi VALUES("210205091137344335","210206140835344335","01","2021","15","344335","06","1","4","51","WA","1474","EAA","511244","01","00001T/344335/2021","2021-01-04","70950000","00001T/344335/2021","2021-01-04","70950000","210541501000079","2021-01-04","Belanja Tunjangan Umum TNI","70950000","");
INSERT INTO  realisasi VALUES("210205090232344335","210206140508344335","01","2021","15","344335","06","1","4","51","WA","1474","EAA","511243","01","00001T/344335/2021","2021-01-04","0","00001T/344335/2021","2021-01-04","0","210541501000079","2021-01-04","Belanja  Tunj. Dearah Terpencil/Sangat Terpencil TNI","0","");
INSERT INTO  realisasi VALUES("210205090047344335","210206140141344335","01","2021","15","344335","06","1","4","51","WA","1474","EAA","511234","01","00001T/344335/2021","2020-01-04","3050000","00001T/344335/2021","2021-01-04","3050000","210541501000079","2021-01-04","Belanja Tunj. Khusus Papua untuk TNI","3050000","");
INSERT INTO  realisasi VALUES("210205085656344335","210206135847344335","01","2021","15","344335","06","1","4","51","WA","1474","EAA","511232","01","00001T/344335/2021","2021-01-04","150000","00001T/344335/2021","2021-01-04","150000","210541501000079","2021-01-04","Belanja Tunj. Kowan TNI","150000","");
INSERT INTO  realisasi VALUES("210205085117344335","210206135654344335","01","2021","15","344335","06","1","4","51","WA","1474","EAA","511228","01","00001T/344335/2021","2021-01-04","2051115000","00001T/344335/2021","2021-01-04","2051115000","210541501000079","2021-01-04","Belanja Tunj. Lauk Pauk TNI","2051115000","");
INSERT INTO  realisasi VALUES("210205082045344335","210206134743344335","01","2021","15","344335","06","1","4","51","WA","1474","EAA","511225","01","00001T/344335/2021","2021-01-04","703469","00001T/344335/2021","2021-01-04","703469","210541501000079","2021-01-04","Belanja Tunj. PPh TNI","703469","");
INSERT INTO  realisasi VALUES("210205082250344335","210206135232344335","01","2021","15","344335","06","1","4","51","WA","1474","EAA","511226","01","00001T/344335/2021","2021-01-04","266462148","00001T/344335/2021","2021-01-04","266462148","00001T/344335/2021","2021-01-04","Belanja Tunj. Beras TNI","266462148","");
INSERT INTO  realisasi VALUES("210205080343344335","210206133635344335","01","2021","15","344335","06","1","4","51","WA","1474","EAA","511224","01","00001T/344335/2021","2021-01-04","4637000","00001T/344335/2021","2021-01-04","4637000","210541501000079","2021-01-04","Belanja Tunj. Fungsional TNI","4637000","");
INSERT INTO  realisasi VALUES("210205075224344335","210206132200344335","01","2021","15","344335","06","1","4","51","WA","1474","EAA","511223","01","00001T/344335/2021","2021-01-04","93225000","00001T/344335/2021","2021-01-04","93225000","210541501000079","2021-01-04","Belanja Tunj. Struktural TNI","93225000","");
INSERT INTO  realisasi VALUES("210205075023344335","210206131804344335","01","2021","15","344335","06","1","4","51","WA","1474","EAA","511222","01","00001T/344335/2021","2021-01-04","65498936","00001T/344335/2021","2021-01-04","65498936","210541501000079","2021-01-04","Belanja Tunj. Anak TNI","65498936","");
INSERT INTO  realisasi VALUES("210204170434344335","210206130754344335","01","2021","15","344335","06","1","4","51","WA","1474","EAA","511221","01","00001T/344335/2021","2020-01-04","197943615","00001T/344335/2021","2020-01-04","197943615","210541501000079","2020-01-04","Belanja Tunj. Suami/Istri TNI","197943615","");
INSERT INTO  realisasi VALUES("210204165437344335","210206125842344335","01","2021","15","344335","06","1","4","51","WA","1474","EAA","511219","01","00001T/344335/2021","2021-01-04","74547","00001T/344335/2021","2021-01-04","74547","210541501000079","2021-01-04","Belanja Pembulatan Gaji TNI","74547","");
INSERT INTO  realisasi VALUES("210204162303344335","210206122323344335","01","2021","15","344335","06","1","4","51","WA","1474","EAA","511211","01","00001T/344335/2021","2021-01-04","2832410250","00001T/344335/2021","2021-01-04","2832410250","210541501000079","2021-01-04","Belanja Gaji Pokok TNI","2832410250","");
INSERT INTO  realisasi VALUES("210204162149344335","210206121507344335","01","2021","15","344335","06","1","4","51","WA","1474","EAA","511193","01","00003T/344335/2021","2021-01-04","12055000","00003T/344335/2021","2021-01-04","12055000","210541501000078","2021-01-04","Belanja Tunjangan Umum PNS TNI","12055000","");
INSERT INTO  realisasi VALUES("210204161155344335","210206120509344335","02","2021","15","344335","06","1","4","51","WA","1474","EAA","511179","01","00015T/344335/2021","2021-02-01","49080000","00015T/344335/2021","2021-02-01","49080000","210541301000397","2021-02-02","Belanja Uang Makan PNS TNI/Untuk Bln Januari","49080000","");
INSERT INTO  realisasi VALUES("210204160847344335","210206120024344335","01","2021","15","344335","06","1","4","51","WA","1474","EAA","511176","01","00003T/344335/2021","2021-01-04","15497880","00003T/344335/2021","2021-01-04","15497880","210541501000078","2021-01-04","Belanja Tunj. Beras PNS TNI","15497880","");
INSERT INTO  realisasi VALUES("210204160704344335","210206115553344335","01","2021","15","344335","06","1","4","51","WA","1474","EAA","511174","01","00003T/344335/2021","2021-01-04","240000","00003T/344335/2021","2021-01-04","240000","210541501000078","2021-01-04","Belanja Tunj. Fungsional PNS TNI","240000","");
INSERT INTO  realisasi VALUES("210204155011344335","210206110757344335","01","2021","15","344335","06","1","4","51","WA","1474","EAA","511173","01","00003T/344335/2021","2021-01-04","490000","00003T/344335/2021","2021-01-04","490000","210541501000078","2021-01-04","Belanja Tunj. Struktural PNS TNI","490000","");
INSERT INTO  realisasi VALUES("210204153848344335","210206095444344335","01","2021","15","344335","06","1","4","51","WA","1474","EAA","511171","01","00003T/344335/2021","2021-01-04","19163990","00003T/344335/2021","2021-01-04","19163990","210541501000078","2021-01-04","Belanja Tunj. Suami/Istri PNS TNI","19163990","");
INSERT INTO  realisasi VALUES("210204154815344335","210206105639344335","01","2021","15","344335","06","1","4","51","WA","1474","EAA","511172","01","00003T/344335/2021","2021-01-04","6135896","00003T/344335/2021","2021-01-04","6135896","210541501000078","2021-01-04","Belanja Tunj. Anak PNS TNI","6135896","");
INSERT INTO  realisasi VALUES("210204152745344335","210206095150344335","01","2021","15","344335","06","1","4","51","WA","1474","EAA","511169","01","00003T/344335/2021","2021-01-04","3696","00003T/344335/2021","2021-01-04","3696","210541501000078","2021-01-04","Belanja Pembulatan Gaji PNS TNI","3696","");
INSERT INTO  realisasi VALUES("210204152206344335","210206095015344335","01","2021","15","344335","06","1","4","51","WA","1474","EAA","511161","01","00003T/344335/2021","2021-01-04","231638200","00003T/344335/2021","2021-01-04","231638200","210541501000078","2020-01-04","Belanja Gaji Pokok PNS TNI","231638200","");
INSERT INTO  realisasi VALUES("210204111706344335","210325122451344335","03","2021","15","344335","05","1","4","52","AJ","1452","BHA","521119","01","00077T/344335/2021","2021-03-15","5500000","00077T/344335/2021","2021-03-15","5500000","210541301002241","2021-03-16","Binsiap Apnonkowil TW I","5500000","");
INSERT INTO  realisasi VALUES("210204143155344335","210325123108344335","03","2021","15","344335","06","1","4","52","WA","1453","EAL","521211","06","00073T/344335/2021","2021-03-15","1250000","00073T/344335/2021","2021-03-15","1250000","210541301002310","2021-03-16","Sarana Pendukung,Komsumsi dan Cetak Buku/Smt I","1250000","");
INSERT INTO  realisasi VALUES("210204143401344335","210325123418344335","03","2021","15","344335","06","1","4","52","WA","1453","EAL","521211","09","210541301002310","2021-03-15","1500000","210541301002310","2021-03-15","1500000","210541301002311","2021-03-16","Sarana Pendukung,Komsumsi dan Cetak Buku/TW I","1500000","");
INSERT INTO  realisasi VALUES("210204143456344335","210325123647344335","03","2021","15","344335","06","1","4","52","WA","1453","EAL","521211","08","00075T/344335/2021","0000-00-00","2000000","00075T/344335/2021","0000-00-00","2000000","210541301002239","0000-00-00","Sarana Pendukung,Komsumsi dan Cetak Buku/TW I","2000000","");
INSERT INTO  realisasi VALUES("210203122010344335","210325130952344335","03","2021","15","344335","03","1","4","52","AC","1468","DCG","521211","23","00033T/344335/2021","2021-02-26","181332000","00033T/344335/2021","2021-02-26","181332000","210541301001331","2021-03-01","Operasional Pendidikan /Makan Serdik","181332000","");
INSERT INTO  realisasi VALUES("210203101410344335","210325131558344335","03","2021","15","344335","03","1","4","52","AC","1468","DCG","521211","16","00045T/344335/2021","2021-03-02","193844000","00045T/344335/2021","2021-03-02","193844000","210541301001445","2021-03-02","Operasional Pendidikan /Makan Serdik Dikmaba TA 2021, 301 Org","193844000","");
INSERT INTO  realisasi VALUES("210203122010344335","210325150056344335","03","2021","15","344335","03","1","4","52","AC","1468","DCG","521211","23","00053T/344335/2021","2021-03-05","181332000","00053T/344335/2021","2021-03-05","181332000","210541301001709","2021-03-05","Operasional Pendidikan /Makan Serdik 657 Org","181332000","");
INSERT INTO  realisasi VALUES("210203101410344335","210325150615344335","03","2021","15","344335","03","1","4","52","AC","1468","DCG","521211","16","00055T/344335/2021","2021-03-05","193844000","00055T/344335/2021","2020-03-05","193844000","210541301001710","2021-03-05","Operasional Pendidikan /Makan serdik Dikmaba TA 2021 301Org","193844000","");
INSERT INTO  realisasi VALUES("210203122010344335","210325150918344335","03","2021","15","344335","03","1","4","52","AC","1468","DCG","521211","23","00060T/344335/2021","2021-03-08","181332000","00060T/344335/2021","2021-03-08","181332000","210541301001808","2021-03-08","Operasional Pendidikan /Dikmata Gel II ","181332000","");
INSERT INTO  realisasi VALUES("210203101410344335","210325151303344335","03","2021","15","344335","03","1","4","52","AC","1468","DCG","521211","16","00061T/344335/2021","2021-03-08","55384000","00061T/344335/2021","2021-03-08","55384000","210541301001809","2021-03-08","Operasional Pendidikan /Makan Serdik Dikmaba TA 2021 301 Org","55384000","");
INSERT INTO  realisasi VALUES("210203122010344335","210325152324344335","03","2021","15","344335","03","1","4","52","AC","1468","DCG","521211","23","00062T/344335/2021","2021-03-09","183960000","00062T/344335/2021","2021-03-09","183960000","210541301001940","2021-03-10","Operasional Pendidikan /Ekstra Fooding Serdik Dikmata Gel II TA 2021 , 657 Org","183960000","");
INSERT INTO  realisasi VALUES("210203101410344335","210325152958344335","03","2021","15","344335","03","1","4","52","AC","1468","DCG","521211","16","00063T/344335/2021","2021-03-09","84280000","00063T/344335/2021","2021-03-09","84280000","210541301001942","2021-03-10","Operasional Pendidikan /Ekstra Fooding Dikmaba TA 2021,301 Org","84280000","");
INSERT INTO  realisasi VALUES("210203101545344335","210325153415344335","03","2021","15","344335","03","1","4","52","AC","1468","DCG","521213","08","00047T/344335/2021","2021-03-02","562117500","00047T/344335/2021","2021-03-02","562117500","210541301001436","2021-03-02","Operasional Pendidikan/Honor Guru/Pelatih dikmaba TNI TA 2021, 301 Org ","562117500","");
INSERT INTO  realisasi VALUES("210203122703344335","210325154332344335","03","2021","15","344335","03","1","4","52","AC","1468","DCG","521213","10","00056T/344335/2021","2021-03-05","49275000","00056T/344335/2021","2021-03-05","49275000","210541301001730","2021-03-08","Operasional Pendidikan/Bimsuh Pembina/Pelatih Dikmata Gel II TA. 2021","49275000","");
INSERT INTO  realisasi VALUES("210203122703344335","210325154559344335","03","2021","15","344335","03","1","4","52","AC","1468","DCG","521213","10","00057T/344335/2021","2021-03-05","65700000","00057T/344335/2021","2021-03-05","65700000","210541301001731","2021-03-08","Operasional Pendidikan /Bimsuh Pembina/Pelatih Dikmata Gel II TA. 2021","65700000","");
INSERT INTO  realisasi VALUES("210203122703344335","210325160024344335","03","2021","15","344335","03","1","4","52","AC","1468","DCG","521213","10","00089T/344335/2021","2021-03-16","1412877500","00089T/344335/2021","2021-03-16","1412877500","210541301002319","2021-03-16","Operasional Pendidikan /Honor Guru/Pelatih Dikmata Gel II Ta. 2021","1412877500","");
INSERT INTO  realisasi VALUES("210203122703344335","210325160545344335","03","2021","15","344335","03","1","4","52","AC","1468","DCG","521213","10","00108T/344335/2021","2021-03-24","722700000","00108T/344335/2021","2021-03-24","722700000","210541301002899","2021-03-24","Operasional Pendidikan /Honor Guru/Pelatih Dikmata Gel II TA. 2021","722700000","");
INSERT INTO  realisasi VALUES("210203122703344335","210325160741344335","03","2021","15","344335","03","1","4","52","AC","1468","DCG","521213","10","00109T/344335/2021","2021-03-24","131400000","00109T/344335/2021","2021-03-24","131400000","210541301002900","2021-03-24","Operasional Pendidikan /Uang Saku Dikmata Gel II TA. 2021,657 Org","131400000","");
INSERT INTO  realisasi VALUES("210203122703344335","210325161122344335","03","2021","15","344335","03","1","4","52","AC","1468","DCG","521213","10","00110T/344335/2021","2021-03-24","65700000","00110T/344335/2021","2021-03-24","65700000","210541301002901","2021-03-24","Operasional Pendidikan /Uang Bimsuh Pembina/Pelatih Dikmata Gel II TA 2021,657 Org","65700000","");
INSERT INTO  realisasi VALUES("210203101410344335","210325162056344335","03","2021","15","344335","03","1","4","52","AC","1468","DCG","521211","16","00064T/344335/2021","2021-03-15","48160000","00064T/344335/2021","2021-03-15","48160000","210541301002329","2021-03-16","Operasional Pendidikan /Ektra Fooding Dikmaba ,301 org","48160000","");
INSERT INTO  realisasi VALUES("210203122010344335","210325162545344335","03","2021","15","344335","03","1","4","52","AC","1468","DCG","521211","23","00084T/344335/2021","2021-03-15","0","00084T/344335/2021","2021-03-15","0","210541301002453","2021-03-18","Operasional Pendidikan/Bel Brg Keb Cuci Pakaian Dikmata Gel II TA 2021","0","");
INSERT INTO  realisasi VALUES("210203131551344335","210325163744344335","03","2021","15","344335","03","1","4","52","AC","1469","DCG","521119","01","00087T/344335/2021","2021-03-15","23100000","00087T/344335/2021","2021-03-15","23100000","210541301002316","2021-03-16","Rindam XIV/Hsn/Kebuthan Training Pack Serdik Diklatnis Ali Gol PNS ,66 Org","23100000","");
INSERT INTO  realisasi VALUES("210203131723344335","210325164638344335","03","2021","15","344335","03","1","4","52","AC","1469","DCG","521211","09","00085T/344335/2021","2021-03-15","133584000","00085T/344335/2021","2021-03-15","133584000","210541301002330","2021-03-16","Rindam XIV/Hsn/Makan Serdik Dikalih Gol TA 2021","133584000","");
INSERT INTO  realisasi VALUES("210203131430344335","210325165040344335","03","2021","15","344335","03","1","4","52","AC","1469","DCG","521211","08","00086T/344335/2021","2021-03-15","6500000","00086T/344335/2021","2021-03-15","6500000","210541301002318","2021-03-16","Rindam XIV/Hsn/ATK Buka Dik Dik Alih Gol TA 2021","6500000","");
INSERT INTO  realisasi VALUES("210203131723344335","210325165314344335","03","2021","15","344335","03","1","4","52","AC","1469","DCG","521211","09","00088T/344335/2021","2021-03-15","27720000","00088T/344335/2021","2021-03-15","27720000","210541301002317","2021-02-16","Rindam XIV/Hsn/Ekstra Fooding Dikalih Gol TA 2021","27720000","");
INSERT INTO  realisasi VALUES("210203131723344335","210325165806344335","03","2021","15","344335","03","1","4","52","AC","1469","DCG","521211","09","00099T/344335/2021","2021-03-23","92558000","00099T/344335/2021","2021-03-23","92558000","210541301002847","2021-03-24","Rindam XIV/Hsn/Duk Keb Giat Ops ATK Dikalih Gol PNS TA 2021","92558000","");
INSERT INTO  realisasi VALUES("210203132625344335","210325170301344335","03","2021","15","344335","03","1","4","52","AC","1469","DCG","521211","10","00103T/344335/2021","2021-03-23","320000","00103T/344335/2021","2021-03-23","320000","210541301002848","2021-03-23","Rindam XIV/Hsn/Tahap pengakhiran Lap Giat Dikalih Gol TA .2021","320000","");
INSERT INTO  realisasi VALUES("210305083235344335","210326104118344335","03","2021","15","344335","03","1","4","52","AC","1471","DCG","521211","20","00034T/344335/2021","2021-02-26","193752000","00034T/344335/2021","2021-02-26","193752000","210541301001330","2021-03-01","Belanja Bahan/Makan Serdik Dikjurta If Abit Dikmata Gel I TA 2021,351 Org","193752000","");
INSERT INTO  realisasi VALUES("210305064459344335","210326104830344335","03","2021","15","344335","03","1","4","52","AC","1471","DCG","521211","10","00046T/344335/2021","2021-03-02","109710000","00046T/344335/2021","2021-03-02","109710000","210541301001444","2021-03-02","Belanja Bahan/Makan Serdik Dikjurba Abit Dikmaba TA 2021,159 Org","109710000","");
INSERT INTO  realisasi VALUES("210305083235344335","210326130800344335","03","2021","15","344335","03","1","4","52","AC","1471","DCG","521211","20","00059T/344335/2021","2021-03-08","98280000","00059T/344335/2021","2021-03-08","98280000","210541301001807","2021-03-08","Belanja Bahan/Ekstra Fooding Dikjurta Abit Dikmata Gel I TA 2021","98280000","");
INSERT INTO  realisasi VALUES("210305064459344335","210326131236344335","03","2021","15","344335","03","1","4","52","AC","1471","DCG","521211","10","00096T/344335/2021","2021-03-15","109710000","00096T/344335/2021","2021-03-15","109710000","210541301002638","2021-03-16","Belanja Bahan/Makan Serdik Dikjurbaif Abit Dikmaba TA.2021,159 Org","109710000","");
INSERT INTO  realisasi VALUES("210305072824344335","210326133556344335","03","2021","15","344335","03","1","4","52","AC","1471","DCG","521211","18","00101T/344335/2021","2021-03-23","40480000","00101T/344335/2021","2021-03-23","40480000","210541301002801","2021-03-24","Belanja Bahan/Makan Siswa Diktamudi Angmor TA 2021,20 Org","40480000","");
INSERT INTO  realisasi VALUES("210305072824344335","210326133820344335","03","2021","15","344335","03","1","4","52","AC","1471","DCG","521211","18","00102T/344335/2021","2021-03-23","8400000","00102T/344335/2021","2021-03-23","8400000","210541301002879","2021-03-24","Belanja Bahan/Ekstra Fooding Siswa Diktamudi Angmor TA. 2021,20 Org","8400000","");
INSERT INTO  realisasi VALUES("210305083341344335","210326135332344335","03","2021","15","344335","03","1","4","52","AC","1471","DCG","521213","22","00058T/344335/2021","2021-03-05","455598000","00058T/344335/2021","2021-03-05","455598000","210541301001732","2021-03-08","Belanja Honor Output Kegiatan/Guru/Pelatih Dikjurtaif Abit Dikmata Gel I TA.2021 ,351 Org","455598000","");
INSERT INTO  realisasi VALUES("210205092706344335","210326140216344335","03","2021","15","344335","06","1","4","51","WA","1474","EAA","512411","01","00037T/344335/2021","2021-03-01","2716927230","00037T/344335/2021","2021-03-01","2716927230","210541302002771","2021-03-02","Tunjangan Kinerja/Pebruari","2716927230","");
INSERT INTO  realisasi VALUES("210205094232344335","210326145734344335","03","2021","15","344335","04","1","4","52","WA","1474","EAA","521115","02","00066T/344335/2021","2021-03-15","3750000","00066T/344335/2021","2021-03-15","3750000","210541301002221","2021-03-15","Honor Simak BMN/Januari,Peb dan Maret","3750000","");
INSERT INTO  realisasi VALUES("210205094639344335","210326150334344335","03","2021","15","344335","06","1","4","52","WA","1474","EAA","521115","05","00069T/344335/2021","2021-03-15","2850000","00069T/344335/2021","2021-03-15","2850000","210541301002217","2021-03-15","Honor SAK/Jan,Peb dan Maret","2850000","");
INSERT INTO  realisasi VALUES("210205094619344335","210326150606344335","03","2021","15","344335","06","1","4","52","WA","1474","EAA","521115","05","00068T/344335/2021","2021-03-15","2400000","00068T/344335/2021","2021-03-15","2400000","210541301002223","2021-03-15","Honor BP/Jan,Peb dan Maret","2400000","");
INSERT INTO  realisasi VALUES("210205094727344335","210326151106344335","03","2021","15","344335","06","1","4","52","WA","1474","EAA","521115","05","00067T/344335/2021","2021-03-15","7155000","00067T/344335/2021","2021-03-15","7155000","210541301002222","2021-03-15","Honor KPA/TW I","7155000","");
INSERT INTO  realisasi VALUES("210205094706344335","210326151340344335","03","2021","15","344335","06","1","4","52","WA","1474","EAA","521115","05","00070T/344335/2021","2021-03-15","3300000","00070T/344335/2021","2021-03-15","3300000","210541301002218","2021-03-15","Honor PPSPM/Januari,Peb dan Maret","3300000","");
INSERT INTO  realisasi VALUES("210205094553344335","210326151512344335","03","2021","15","344335","06","1","4","52","WA","1474","EAA","521115","05","00072T/344335/2021","2021-03-15","3600000","00072T/344335/2021","2021-03-15","3600000","210541301002220","2021-03-15","Honor BPP/Jan,Peb dan Maret","3600000","");
INSERT INTO  realisasi VALUES("210205094747344335","210326151807344335","03","2021","15","344335","06","1","4","52","WA","1474","EAA","521115","05","00071T/344335/2021","2021-02-15","2400000","00071T/344335/2021","2021-02-15","2400000","210541301002219","2021-03-15","Honor PPABP/Jan,Peb dan Maret","2400000","");
INSERT INTO  realisasi VALUES("210205143108344335","210329083539344335","03","2021","15","344335","06","1","4","52","WA","1483","EAB","521119","09","00076T/344335/2021","2021-03-15","15000000","00076T/344335/2021","2021-03-15","15000000","210541301002240","2021-03-16","Sun Renja/ TA. 2021","15000000","");
INSERT INTO  realisasi VALUES("210205153723344335","210329085502344335","03","2021","15","344335","06","1","4","52","WA","1483","EAB","521119","59","00112T/344335/2021","2021-03-26","4000000","00112T/344335/2021","2021-03-26","4000000","210541301003207","2021-03-29","Perawatan Dokumen Keuangan TA 2021/Tw I","4000000","");
INSERT INTO  realisasi VALUES("210205152146344335","210329090525344335","03","2021","15","344335","06","1","4","52","WA","1483","EAB","521119","49","00113T/344335/2021","2021-03-26","3250000","00113T/344335/2021","2021-03-26","3250000","210541301003208","2021-03-29","Pembinaan Keuangan TA 2021/Tw I","3250000","");
INSERT INTO  realisasi VALUES("210205143212344335","210329090748344335","03","2021","15","344335","06","1","4","52","WA","1483","EAB","521119","09","00116T/344335/2021","2021-03-26","3500000","00116T/344335/2021","2021-03-26","3500000","210541301003196","2021-03-29","Rekon Internal Satker/Tw I","3500000","");
INSERT INTO  realisasi VALUES("210205153913344335","210329091057344335","03","2021","15","344335","06","1","4","52","WA","1483","EAB","521211","24"," 00114T/344335/2021","2021-03-26","3000000"," 00114T/344335/2021","0000-03-26","3000000","210541301003209","2021-03-29","Sun Laporan Keuangan/Tw I","3000000","");
INSERT INTO  realisasi VALUES("210205140001344335","210329091654344335","03","2021","15","344335","03","1","4","52","WA","1478","EAF","521211","40","00104T/344335/2021","2021-03-23","500000","00104T/344335/2021","2021-03-23","500000","210541301002789","2021-02-24","Sisfopers/Tw I","500000","");
INSERT INTO  realisasi VALUES("210205140128344335","210329091951344335","04","2021","15","344335","03","1","4","52","WA","1478","EAF","521211","41","00105T/344335/2021","2021-03-23","575000","00105T/344335/2021","2021-03-23","575000","210541301002790","2021-03-24","Rindam XIV/Hsn/Tw I","575000","");
INSERT INTO  realisasi VALUES("210205133456344335","210329092349344335","03","2021","15","344335","03","1","4","52","WA","1478","EAF","521211","16","00106T/344335/2021","2021-03-23","1200000","00106T/344335/2021","2021-03-23","1200000","210541301002791","2021-03-24","Rindam XIV/Hsn/Tw I","1200000","");
INSERT INTO  realisasi VALUES("210205140215344335","210329092629344335","03","2021","15","344335","03","1","4","52","WA","1478","EAF","521211","42","00107T/344335/2021","2021-03-23","575000","00107T/344335/2021","2021-03-23","575000","210541301002797","2021-03-24","Rindam XIV/Hsn/Tw I","575000","");
INSERT INTO  realisasi VALUES("210307160839344335","210329092952344335","03","2021","15","344335","03","1","4","52","WA","1475","EAA","524111","15","00090T/344335/2021","2021-03-16","161742000","00090T/344335/2021","2021-03-16","161742000","210541301002344","2021-03-16","BPD Mutasi THP I/an. Letkol Hendry Ginting Dkk","161742000","");
INSERT INTO  realisasi VALUES("210307161124344335","210329095552344335","03","2021","15","344335","04","1","4","52","WA","1475","EAA","521811","03","00115T/344335/2021","2021-03-26","3750000","00115T/344335/2021","2021-03-26","3750000","210541301003210","2021-03-29","ATK/ Ku Rindam Tw I","3750000","");
INSERT INTO  realisasi VALUES("210307161124344335","210329100051344335","03","2021","15","344335","04","1","4","52","WA","1475","EAA","521811","03","00117T/344335/2021","2021-03-26","11250000","00117T/344335/2021","2021-03-26","11250000","210541301003150","2021-03-29","ATK/Mako Tw I","11250000","");
INSERT INTO  realisasi VALUES("210307161124344335","210329100300344335","03","2021","15","344335","04","1","4","52","WA","1475","EAA","521811","03","00118T/344335/2021","2021-03-26","7500000","00118T/344335/2021","2021-03-26","7500000","210541301003151","2021-03-29","ATK/Dodikjur TW I","7500000","");
INSERT INTO  realisasi VALUES("210205130257344335","210329111448344335","03","2021","15","344335","06","1","4","52","WA","1475","EAA","521111","04","00111T/344335/2021","2021-03-26","8750000","00111T/344335/2021","2021-03-26","8750000","210541301003206","0000-00-00","Bahan Baku Sarana Komputer/Ku Rindam Tw I","8750000","");
INSERT INTO  realisasi VALUES("210204152206344335","210329113005344335","03","2021","15","344335","06","1","4","51","WA","1474","EAA","511161","01","00018T/344335/2021","2021-02-15","232927500","00018T/344335/2021","2021-02-15","232927500","210541501000300","2021-03-01","Belanja Gaji Pokok PNS TNI","232927500","");
INSERT INTO  realisasi VALUES("210204152206344335","210329113317344335","04","2021","15","344335","06","1","4","51","WA","1474","EAA","511161","01","00078T/344335/2021","2021-03-15","226859000","00078T/344335/2021","2021-03-15","226859000","210541501000514","2021-04-01","Belanja Gaji Pokok PNS TNI","226859000","");
INSERT INTO  realisasi VALUES("210204152745344335","210329113655344335","03","2021","15","344335","06","1","4","51","WA","1474","EAA","511169","01","00018T/344335/2021","2021-02-15","3843","00018T/344335/2021","2021-02-15","3843","210541501000300","2021-03-01","Belanja Pembulatan Gaji PNS TNI","3843","");
INSERT INTO  realisasi VALUES("210204152745344335","210329113801344335","04","2021","15","344335","06","1","4","51","WA","1474","EAA","511169","01","00078T/344335/2021","2021-03-15","3735","00078T/344335/2021","2021-03-15","3735","210541501000514","2021-04-01","Belanja Pembulatan Gaji PNS TNI","3735","");
INSERT INTO  realisasi VALUES("210204153848344335","210329161846344335","03","2021","15","344335","06","1","4","51","WA","1474","EAA","511171","01","00018T/344335/2021	","2021-02-15","19270990","00018T/344335/2021	","2021-02-15","19270990","210541501000300","2021-03-01","Belanja Tunj. Suami/Istri PNS TNI","19270990","");
INSERT INTO  realisasi VALUES("210204153848344335","210329162020344335","04","2021","15","344335","06","1","4","51","WA","1474","EAA","511171","01","00078T/344335/2021","2021-03-15","18944290","00078T/344335/2021","2021-03-15","18944290","210541501000514","2021-04-01","Belanja Tunj. Suami/Istri PNS TNI","18944290","");
INSERT INTO  realisasi VALUES("210204154815344335","210329162129344335","03","2021","15","344335","06","1","4","51","WA","1474","EAA","511172","01","00018T/344335/2021","2021-02-15","6095394","00018T/344335/2021","2021-02-15","6095394","210541501000300","2021-03-01","Belanja Tunj. Anak PNS TNI","6095394","");
INSERT INTO  realisasi VALUES("210204154815344335","210329162254344335","04","2021","15","344335","06","1","4","51","WA","1474","EAA","511172","01","00078T/344335/2021","2021-03-15","5964714","00078T/344335/2021","2021-03-15","5964714","210541501000514","2021-04-01","Belanja Tunj. Anak PNS TNI","5964714","");
INSERT INTO  realisasi VALUES("210204155011344335","210329162438344335","03","2021","15","344335","06","1","4","51","WA","1474","EAA","511173","01","00018T/344335/2021","2021-02-15","490000","00018T/344335/2021","2021-02-15","490000","210541501000300","2021-03-01","Belanja Tunj. Struktural PNS TNI","490000","");
INSERT INTO  realisasi VALUES("210204155011344335","210329162616344335","04","2021","15","344335","06","1","4","51","WA","1474","EAA","511173","01","00078T/344335/2021","2021-03-15","490000","00078T/344335/2021","2021-03-15","490000","210541501000514","2021-04-01","Belanja Tunj. Struktural PNS TNI","490000","");
INSERT INTO  realisasi VALUES("210204160704344335","210329162956344335","03","2021","15","344335","06","1","4","51","WA","1474","EAA","511174","01","00018T/344335/2021","2021-02-15","240000","00018T/344335/2021","2021-02-15","240000","210541501000300","2021-03-01","Belanja Tunj. Fungsional PNS TNI","240000","");
INSERT INTO  realisasi VALUES("210204160704344335","210329164145344335","04","2021","15","344335","06","1","4","51","WA","1474","EAA","511174","01","00078T/344335/2021","2021-03-15","240000","00078T/344335/2021","2021-03-15","240000","210541501000514","2021-04-01","Belanja Tunj. Fungsional PNS TNI","240000","");
INSERT INTO  realisasi VALUES("210204160847344335","210329164315344335","03","2021","15","344335","06","1","4","51","WA","1474","EAA","511176","01","00018T/344335/2021","2021-02-15","15425460","00018T/344335/2021","2021-02-15","15425460","210541501000300","2021-03-01","Belanja Tunj. Beras PNS TNI","15425460","");
INSERT INTO  realisasi VALUES("210204160847344335","210329164601344335","04","2021","15","344335","06","1","4","51","WA","1474","EAA","511176","01","00078T/344335/2021","2021-03-15","15425460","00078T/344335/2021","2021-03-15","15425460","210541501000514","2021-04-01","Belanja Tunj. Beras PNS TNI","15425460","");
INSERT INTO  realisasi VALUES("210204162149344335","210329164843344335","03","2021","15","344335","06","1","4","51","WA","1474","EAA","511193","01","00018T/344335/2021","2021-02-15","12055000","00018T/344335/2021","2021-02-15","12055000","210541501000300","2021-03-01","Belanja Tunjangan Umum PNS TNI","12055000","");
INSERT INTO  realisasi VALUES("210204162149344335","210329165149344335","04","2021","15","344335","06","1","4","51","WA","1474","EAA","511193","01","00078T/344335/2021","2021-03-15","11695000","00078T/344335/2021","2021-03-15","11695000","210541501000514","2021-04-01","Belanja Tunjangan Umum PNS TNI","11695000","");
INSERT INTO  realisasi VALUES("210204162303344335","210329165426344335","03","2021","15","344335","06","1","4","51","WA","1474","EAA","511211","01","00016T/344335/2021","2021-02-15","3786078000","00093T/344335/2021","2021-02-24","3786078000","210541301002888","2021-03-24","Belanja Gaji Pokok TNI","3786078000","");
INSERT INTO  realisasi VALUES("210204162303344335","210329170458344335","04","2021","15","344335","06","1","4","51","WA","1474","EAA","511211","01","00079T/344335/2021","2021-03-15","2568539900","00080T/344335/2021","2021-03-15","2568539900","210541501000513","2021-04-01","Belanja Gaji Pokok TNI","2568539900","");
INSERT INTO  realisasi VALUES("210204165437344335","210329203325344335","03","2021","15","344335","06","1","4","51","WA","1474","EAA","511219","01","00016T/344335/2021","2021-02-15","82190","00016T/344335/2021","2021-02-15","82190","210541301002888","2021-03-24","Belanja Pembulatan Gaji TNI","82190","");
INSERT INTO  realisasi VALUES("210204165437344335","210329205921344335","04","2021","15","344335","06","1","4","51","WA","1474","EAA","511219","01","00079T/344335/2021","2021-03-15","43129","00079T/344335/2021","2021-03-15","43129","210541501000513","2021-04-01","Belanja Pembulatan Gaji TNI","43129","");
INSERT INTO  realisasi VALUES("210204170434344335","210329210133344335","03","2021","15","344335","06","1","4","51","WA","1474","EAA","511221","01","00016T/344335/2021","2021-02-15","198109620","00093T/344335/2021","2021-03-24","198109620","210541301002888","2021-03-24","Belanja Tunj. Suami/Istri TNI","198109620","");
INSERT INTO  realisasi VALUES("210204170434344335","210329210304344335","04","2021","15","344335","06","1","4","51","WA","1474","EAA","511221","01","00080T/344335/2021","2021-03-15","197888990","00080T/344335/2021","2021-03-15","197888990","197,888,990","2021-04-01","Belanja Tunj. Suami/Istri TNI","197888990","");
INSERT INTO  realisasi VALUES("210205075023344335","210329223926344335","03","2021","15","344335","06","1","4","51","WA","1474","EAA","511222","01","00016T/344335/2021	","2021-02-15","65271506","00016T/344335/2021	","2021-02-15","65271506","210541301002888","2021-03-01","Belanja Tunj. Anak TNI","65271506","");
INSERT INTO  realisasi VALUES("210205075023344335","210329225951344335","04","2021","15","344335","06","1","4","51","WA","1474","EAA","511222","01","00080T/344335/2021","2021-03-15","64945128","00080T/344335/2021","2021-03-15","64945128","210541501000513","2021-04-01","Belanja Tunj. Anak TNI","64945128","");
INSERT INTO  realisasi VALUES("210205075224344335","210329230108344335","03","2021","15","344335","06","1","4","51","WA","1474","EAA","511223","01","00016T/344335/2021","2021-02-15","94420000","00016T/344335/2021","2021-02-15","94420000","210541301002156","2021-03-01","Belanja Tunj. Struktural TNI","94420000","");
INSERT INTO  realisasi VALUES("210205075224344335","210329230336344335","04","2021","15","344335","06","1","4","51","WA","1474","EAA","511223","01","00080T/344335/2021","2021-03-15","91380000","00080T/344335/2021","2021-03-15","91380000","210541501000513","2021-04-01","Belanja Tunj. Struktural TNI","91380000","");
INSERT INTO  realisasi VALUES("210205080343344335","210329230508344335","03","2021","15","344335","06","1","4","51","WA","1474","EAA","511224","01","00016T/344335/2021","2021-02-01","4877000","00016T/344335/2021","2021-02-01","4877000","210541501000299","2021-03-01","Belanja Tunj. Fungsional TNI","4877000","");
INSERT INTO  realisasi VALUES("210205080343344335","210329230614344335","04","2021","15","344335","06","1","4","51","WA","1474","EAA","511224","01","00080T/344335/2021","2021-03-01","4877000","00080T/344335/2021","2021-03-01","4877000","210541501000513","2021-04-01","Belanja Tunj. Fungsional TNI","4877000","");
INSERT INTO  realisasi VALUES("210205082045344335","210329230729344335","03","2021","15","344335","06","1","4","51","WA","1474","EAA","511225","01","00016T/344335/2021","2021-02-15","665036","00016T/344335/2021","2021-02-15","665036","210541501000299","2021-03-01","Belanja Tunj. PPh TNI","665036","");
INSERT INTO  realisasi VALUES("210205082045344335","210329230922344335","04","2021","15","344335","06","1","4","51","WA","1474","EAA","511225","01","00080T/344335/2021","2021-03-15","607969","00080T/344335/2021","2021-03-15","607969","210541501000513","2021-04-01","Belanja Tunj. PPh TNI","607969","");
INSERT INTO  realisasi VALUES("210205082250344335","210329231318344335","03","2021","15","344335","06","1","4","51","WA","1474","EAA","511226","01","00016T/344335/2021","2021-02-15","323833272","00016T/344335/2021","2021-02-15","323833272","210541301002888","2021-03-24","Belanja Tunj. Beras TNI","323833272","");
INSERT INTO  realisasi VALUES("210205082250344335","210329231705344335","04","2021","15","344335","06","1","4","51","WA","1474","EAA","511226","01","00079T/344335/2021","2021-03-15","238015572","00079T/344335/2021","2021-03-15","238015572","210541501000513","2021-04-04","Belanja Tunj. Beras TNI","238015572","");
INSERT INTO  realisasi VALUES("210205085117344335","210329231908344335","03","2021","15","344335","06","1","4","51","WA","1474","EAA","511228","01","00016T/344335/2021","2021-02-15","2857740000","00016T/344335/2021","2021-02-15","2857740000","210541301002888","2021-03-24","Belanja Tunj. Lauk Pauk TNI","2857740000","");
INSERT INTO  realisasi VALUES("210205085117344335","210329232145344335","04","2021","15","344335","06","1","4","51","WA","1474","EAA","511228","01","00079T/344335/2021","2021-03-15","1614600000","00079T/344335/2021","2021-03-15","1614600000","210541501000513","2021-04-01","Belanja Tunj. Lauk Pauk TNI","1614600000","");
INSERT INTO  realisasi VALUES("210205085656344335","210329232455344335","03","2021","15","344335","06","1","4","51","WA","1474","EAA","511232","01","00016T/344335/2021	","2021-02-15","150000","00016T/344335/2021	","2021-02-15","150000","210541501000299","2021-03-02","Belanja Tunj. Kowan TNI","150000","");
INSERT INTO  realisasi VALUES("210205085656344335","210329232610344335","04","2021","15","344335","06","1","4","51","WA","1474","EAA","511232","01","00080T/344335/2021","2021-03-15","150000","00080T/344335/2021","2021-03-15","150000","210541501000513","2021-04-01","Belanja Tunj. Kowan TNI","150000","");
INSERT INTO  realisasi VALUES("210205090047344335","210329232813344335","03","2021","15","344335","06","1","4","51","WA","1474","EAA","511234","01","00016T/344335/2021","2021-02-15","625000","00016T/344335/2021","2021-02-15","625000","210541501000299","2021-03-01","Belanja Tunj. Khusus Papua untuk TNI","625000","");
INSERT INTO  realisasi VALUES("210205090047344335","210329233011344335","04","2021","15","344335","06","1","4","51","WA","1474","EAA","511234","01","00080T/344335/2021","2021-03-15","1850000","00080T/344335/2021","2021-03-15","1850000","210541501000513","2021-04-01","Belanja Tunj. Khusus Papua untuk TNI","1850000","");
INSERT INTO  realisasi VALUES("210205091137344335","210329233130344335","03","2021","15","344335","06","1","4","51","WA","1474","EAA","511244","01","00016T/344335/2021	","2021-02-15","104400000","00016T/344335/2021	","2021-02-15","104400000","210541301002888","2021-03-24","Belanja Tunjangan Umum TNI","104400000","");
INSERT INTO  realisasi VALUES("210205091137344335","210329233442344335","04","2021","15","344335","06","1","4","51","WA","1474","EAA","511244","01","00079T/344335/2021","2021-03-15","11925000","00079T/344335/2021","2021-03-15","11925000","210541501000515","2021-04-01","Belanja Tunjangan Umum TNI","11925000","");
INSERT INTO  realisasi VALUES("210203122010344335","210330001623344335","03","2021","15","344335","03","1","4","52","AC","1468","DCG","521211","23","00065T/344335/2021","2021-03-10","183960000","00065T/344335/2021","2021-03-10","183960000","210541301002087","2021-03-12","Operasional Pendidikan /Dikmata Gel II TA 2021","183960000","");
INSERT INTO  realisasi VALUES("210203122010344335","210330002045344335","03","2021","15","344335","03","1","4","52","AC","1468","DCG","521211","23","00082T/344335/2021","2021-03-15","177663000","00082T/344335/2021","2021-03-15","177663000","210541301002451","2021-03-18","Operasional Pendidikan /ATK Dikmata Gel II TA 2021","177663000","");
INSERT INTO  realisasi VALUES("210203122010344335","210330002252344335","03","2021","15","344335","03","1","4","52","AC","1468","DCG","521211","23","00083T/344335/2021","2021-03-15","197100000","00083T/344335/2021","2021-03-15","197100000","210541301002452","2021-03-18","Operasional Pendidikan /Produksi/Reproduksi Hanjar Dikmata Gel II TA 2021","197100000","");
INSERT INTO  realisasi VALUES("210203101410344335","210330002639344335","03","2021","15","344335","03","1","4","52","AC","1468","DCG","521211","16","00094T/344335/2021","2021-03-19","163292500","00094T/344335/2021","2021-03-19","163292500","210541301002640","2021-03-19","Operasional Pendidikan /produksi /Reproduksi Hanjar Dikmaba  TA 2021","163292500","");
INSERT INTO  realisasi VALUES("210203122010344335","210330002834344335","03","2021","15","344335","03","1","4","52","AC","1468","DCG","521211","23","00095T/344335/2021","2021-03-19","181332000","00095T/344335/2021","2021-03-19","181332000","210541301002639","2021-03-19","Operasional Pendidikan /Makan serdik Dikmata Gel II TA 2021","181332000","");
INSERT INTO  realisasi VALUES("210203101410344335","210330003137344335","03","2021","15","344335","03","1","4","52","AC","1468","DCG","521211","16","00097T/344335/2021","2021-03-23","81459000","00097T/344335/2021","2021-03-23","81459000","210541301002743","2021-02-23","Operasional Pendidikan /ATK,Ektra Fooding dst Dikmaba TA 2921","81459000","");
INSERT INTO  realisasi VALUES("210203122010344335","210330003352344335","03","2021","15","344335","03","1","4","52","AC","1468","DCG","521211","23","00098T/344335/2021","2021-03-23","181332000","00098T/344335/2021","2021-03-23","181332000","210541301002742","2021-03-23","Operasional Pendidikan /Makan Siswa Dikmata Gel II TA 2021","181332000","");
INSERT INTO  realisasi VALUES("210203114737344335","210330003627344335","03","2021","15","344335","03","1","4","52","AC","1468","DCG","521211","18","00100T/344335/2021","2021-03-23","7490000","00100T/344335/2021","2021-03-23","7490000","210541301002880","2021-03-24","Operasional Pendidikan /Tupdik Dikmaba TA 2021","7490000","");
INSERT INTO  realisasi VALUES("210203104336344335","210330010624344335","03","2021","15","344335","03","1","4","52","AC","1468","DCG","521219","31","00081T/344335/2021","2021-03-15","163292500","00081T/344335/2021","2021-03-15","163292500","210541301002329","2021-03-16","Operasional Pendidikan /Cuci Pakaian siswa Dikmaba TA 2021","163292500","");
INSERT INTO  realisasi VALUES("210203123224344335","210330011418344335","03","2021","15","344335","03","1","4","52","AC","1468","DCG","521219","37","00084T/344335/2021","2021-03-15","166713750","00084T/344335/2021","2021-03-15","166713750","210541301002453","2021-03-18","Operasional Pendidikan /Cuci Pakaian siswa Dikmata Gel II TA 2021","166713750","");
INSERT INTO  realisasi VALUES("210305083235344335","210330012631344335","03","2021","15","344335","03","1","4","52","AC","1471","DCG","521211","20","00054T/344335/2021","2021-03-05","96876000","00054T/344335/2021","2021-03-05","96876000","210541301001708","2021-03-05","Belanja Bahan/Makan siswa dikjurtaif Abit Dikmata Gel I TA 2021","96876000","");
INSERT INTO  realisasi VALUES("210205140128344335","210330013355344335","03","2021","15","344335","03","1","4","52","WA","1478","EAF","521211","41","00105T/344335/2021","2021-03-23","575000","00105T/344335/2021","2021-03-23","575000","210541301002790","2021-03-24","Rindam XIV/Hsn","575000","");
INSERT INTO  realisasi VALUES("210211081903344335","210401094906344335","03","2021","15","344335","06","1","4","52","WA","1483","EAB","524111","17","00119T/344335/2021","2021-03-29","12000000","00119T/344335/2021","2021-03-29","12000000","210541301003312","2021-03-30","Rekon Terpusat Sun LK Semester I TA 2021","12000000","");



DELETE FROM  realisasi_bpjs where kdkotama=15 and kdsatker=344335;




DELETE FROM  realisasi_yanmasum where kdkotama=15 and kdsatker=344335;




DELETE FROM  realisasi_blu where kdkotama=15 and kdsatker=344335;




DELETE FROM  realisasi_hibah where kdkotama=15 and kdsatker=344335;




DELETE FROM  realisasi_kapitasi where kdkotama=15 and kdsatker=344335;




DELETE FROM  tunkin where kdkotama=15 and kdsatker=344335;




DELETE FROM  pengembalian where kdkotama=15 and kdsatker=344335;




DELETE FROM  kopstuk where kdkotama=15 and kdsatker=344335;

INSERT INTO  kopstuk VALUES("201702151538251402","15","344335","KOMANDO DAERAH MILITER XIV/HASANUDDIN","RESIMEN INDUK","75","75");



DELETE FROM  tajuk_ttd where kdkotama=15 and kdsatker=344335;

INSERT INTO  tajuk_ttd VALUES("201702151544561402","15","344335","Pakatto","Februari 2021","a.n. Komandan Rindam XIV/Hasanuddin","Wakil Komandan,","Andi M. Ali, S.H., M.M.","Kolonel Inf NRP 11930075210570");



DELETE FROM  lamp_laplakgar where kdkotama=15 and kdsatker=344335;

INSERT INTO  lamp_laplakgar VALUES("201702151540091402","15","344335","Surat Danrindam XIV/Hasanuddin","B /         / IV / 2021","April  2021","71","212");



DELETE FROM  surat where kdkotama=15 and kdsatker=344335;

INSERT INTO  surat VALUES("200227111116344335","15","344335","02","2020","B/       / III / 2020","Biasa","Empat Belas Lembar","Laporan Pelaksanaan Anggaran","Pangdam XIV/Hasanuddin","Pakatto,      Maret 2020","Makassar","Asrendam XIV/Hasaanuddin","Peraturan Kasad Nomor 24 Tahun 2019 tanggal 18 Desember 2019 tentang Petunjuk Pelaksanaan Program dan Anggaran (PPPA) TNI AD Tahun 2020;","Keputusan Kasad Nomor Kep/951/X/2019 Tanggal 11 Oktober 2019 tentang Penyusunan Laporan Pelaksanaan Anggaran di lingkungan TNI AD; dan","Diisi Progam Kerja Masing-Masing (Progja Satker/Kotama/Balakpus).","60","~~~~~");
INSERT INTO  surat VALUES("200129134208344335","15","344335","01","2020","B/       /    / 2020","Biasa","Dua Puluh Lima Lembar","Laporan Pelaksanaan Anggaran","Pangdam XIV/Hasanuddin","Pakatto,      Februari 2020","Makassar","Asrendam XIV/Hasaanuddin","Peraturan Kasad Nomor 24 Tahun 2019 tanggal 18 Desember 2019 tentang Petunjuk Pelaksanaan Program dan Anggaran (PPPA) TNI AD Tahun 2020;","Keputusan Kasad Nomor Kep/951/X/2019 Tanggal 11 Oktober 2019 tentang Penyusunan Laporan Pelaksanaan Anggaran di lingkungan TNI AD; dan","Diisi Progam Kerja Masing-Masing (Progja Satker/Kotama/Balakpus).","60","~~~~~");



DELETE FROM  tembusan where kdkotama=15 and kdsatker=344335;




DELETE FROM  pnbpum where kdkotama=15 and kdsatker=344335;




DELETE FROM  realisasi_pnbpum where kdkotama=15 and kdsatker=344335;




DELETE FROM  laphibah where kdkotama=15 and kdsatker=344335;




DELETE FROM  sbsn where kdkotama=15 and kdsatker=344335;




DELETE FROM  realisasi_sbsn where kdkotama=15 and kdsatker=344335;




